<meta_metadata_repository name="default_repository" package="ecologylab.semantics.generated.library" xmlns:xsi="http://www.w3.org/2001/XMLSchema-instance" >
	<user_agents>
		<user_agent name="ie_5" string="Mozilla/4.0 (compatible; MSIE 5.5; Windows NT 5.0"/>
		<user_agent name="firefox_2" string="Mozilla/5.0 (Windows; U; Windows NT 5.1; en-US; rv:1.8.1.7) Gecko/20070914 Firefox/2.0.0.7"/>
		<user_agent name="google_bot_0" string="Googlebot/2.1 (+http://www.google.com/bot.html)"/>
		<user_agent name="google_bot_1" default="true" string="Mozilla/5.0 (compatible; Googlebot/2.1; +http://www.google.com/bot.html)"/>
		<user_agent name="google_bot_2" string="Googlebot/2.1 (+http://www.googlebot.com/bot.html)"/>
		<user_agent name="opera_9" string="Opera/9.25 (Windows NT 6.0; U; en)"/>
	</user_agents>
	
	 <search_engines>
		<search_engine name="google" url_prefix="http://www.google.com/search?hl=en&amp;q=" numResultString="&amp;num=" startString="&amp;start="/>
		<search_engine name="flickr" url_prefix="http://www.flickr.com/search/?q="  startString="&amp;page="/>
		<search_engine name="yahoo" url_prefix="http://api.search.yahoo.com/WebSearchService/V1/webSearch?appid=yahoosearchwebrss&amp;query=" numResultString="&amp;result=" startString="&amp;start="/>
		<search_engine name="flickr_author" url_prefix="http://www.flickr.com/photos/" url_suffix="/" />
		<search_engine name="yahoo_news" url_prefix="http://api.search.yahoo.com/NewsSearchService/V1/newsSearch?appid=yahoosearchwebrss&amp;query=" numResultString="&amp;result=" startString="&amp;start="/>
		
	</search_engines>  
	
	<named_styles>
		<named_style name="default" font_size="10"/>
		<named_style name="h1" font_size="11" font_style="1"/>
	</named_styles>	
	
	<!-- The Declaration of Document Class  -->
	<meta_metadata name="document" extends="metadata" comment="The Document Class" >
		<meta_metadata_field name="title" scalar_type="String" style="h1" comment="The Title of the Document"/>
		<meta_metadata_field name="description" scalar_type="String" comment=""/>
		<meta_metadata_field name="location" scalar_type="ParsedURL" always_show="true" comment="The document's actual location."/>
		<meta_metadata_field name="generation" scalar_type="Int" comment=""/>
		<meta_metadata_field name="page_structure" scalar_type="String" comment="For debugging. Type of the structure recognized by information extraction."/>
		<meta_metadata_field name="query" scalar_type="String" comment="The search query"/>
	</meta_metadata>
	
	<!-- -The Declaration of Media Class -->
	<meta_metadata name="media" extends="document" comment="The Media Class">
		<meta_metadata_field name="context" scalar_type="String" comment=""/>
	</meta_metadata>
	
	<!-- The Declaration for DLMS class -->
	<meta_metadata name="dlms" extends="document" comment="The DLMS Class">
	 	<meta_metadata_field name="subject" scalar_type="String" comment="" />
	</meta_metadata>
	
	<!-- The Declaration for ICDL class -->
	<meta_metadata name="icdl" extends="document" comment="The ICDL class">
		<meta_metadata_field name="languages" scalar_type="String" comment=""/>
	</meta_metadata>
	
	<!-- The Declaration ofr NSDL class -->
	<meta_metadata name="nsdl" extends="document" comment="The NSDL class">
		<meta_metadata_field name="subject" scalar_type="String" comment=""/>
	</meta_metadata>
	
	<!-- Declaration of Text Class -->
	<meta_metadata name="text" extends ="media" comment="The Text Class">
		<meta_metadata_field name="text" scalar_type="String" comment=""/>
	</meta_metadata>
	

	<!-- The Declaration of Dc_Document Class -->
	<meta_metadata name="dc_document" extends="document" comment="">
		<meta_metadata_field name="subject" scalar_type="String" comment=""/>
		<mixins>search</mixins>
	</meta_metadata>
	<!-- Declaration of Flicker Class -->

	

	<!-- Search Class -->
	<meta_metadata name="search" extends="document" comment="">
		<meta_metadata_field name="searchResults" collection="ArrayList" collection_child_type="search_result" comment="">
			<meta_metadata_field name="heading" scalar_type="String" comment="The heading of search result"/>
			<meta_metadata_field name="snippet" scalar_type="String"  comment="The snippet of search result"/>
 			<meta_metadata_field name="link" scalar_type="ParsedURL" comment="The link of the search result" /> 
	   </meta_metadata_field>
	   
	</meta_metadata>
	
	 <meta_metadata name="google_search" type="search" generate_class="false" extends="search" url_base="http://www.google.com/search" user_agent_name="opera_9" comment="The google Search class" >
		<meta_metadata_field name="searchResults" collection="ArrayList" collection_child_type="search_result" comment="">
			<meta_metadata_field name="heading"  xpath="/html/body[@id='gsr']/div[@id='res']/div//ol/li[@*]/h3/a" comment="The heading of search result"/>
			<meta_metadata_field name="snippet"  xpath="/html/body[@id='gsr']/div[@id='res']/div//ol/li[@*]/div[1]" comment="The snippet of search result"/>
 			<meta_metadata_field name="link"  xpath="/html/body/div[@id='res']/div//ol/li/h3/a/@href"  comment="The link of the search result" /> 
	   </meta_metadata_field>
	   <semantic_actions>
	   		<get_field name="searchResults"/>
			<for_each collection="searchResults" as="res">
				<get_field name="link" object="res"/>
				<create_container_for_search  name="resultContainer">
					<args>
						<arg value="link"/>
					</args>
				</create_container_for_search>
				<process_search>
					<args>
						<arg value="resultContainer"/>
						<arg value="link"/>
					</args>
				</process_search>
			</for_each>
		</semantic_actions>
  </meta_metadata>
	
   <meta_metadata name="flickr_search" extends="search" url_base="http://www.flickr.com/search/" user_agent_name="firefox_2" comment="The flickr search class">
   	<meta_metadata_field name="searchResults" collection="ArrayList" collection_child_type="search_result" comment="The search results">
   		<meta_metadata_field name="heading" scalar_type="String" xpath="/html/body/div[@id='Main']/div[@id='BodyContainer']/table/tr[@*]/td[2]/h3" comment="The heading of the search result"/>
   		<meta_metadata_field name="link" scalar_type="ParsedURL" xpath="/html/body/div[@id='Main']/div[@id='BodyContainer']/table/tr[@*]/td[@class='DetailPic']/div[1]/span/a/@href" regular_expression="s*" replacement_string="http://www.flickr.com" comment="The link page for image"/>
   	</meta_metadata_field>
    <semantic_actions>
   		<get_field name="searchResults"/>
   		<for_each collection="searchResults" as="res">
   			<get_field name="link" object="res"/>
   			<create_container_for_search  name="resultContainer">
					<args>
						<arg value="link"/>
					</args>
				</create_container_for_search>
				<process_search>
					<args>
						<arg value="resultContainer"/>
						<arg value="link"/>
					</args>
				</process_search>
   		</for_each>
      </semantic_actions>
    </meta_metadata>
    
    <!-- Declaration of Yahoo ResultSet Data Structure -->
    <meta_metadata name="ResultSet" extends="search" comment="Yahoo Result Set Class">
  		<meta_metadata_field name="Result" collection="ArrayList" collection_child_type="result" comment="Collection of results for yahoo search">
  			<meta_metadata_field name="Title" scalar_type="String"/>
  			<meta_metadata_field name="Summary" scalar_type="String"/>
  			<meta_metadata_field name="Url" scalar_type="ParsedURL"/>
  			<meta_metadata_field name="ClickUrl" scalar_type="ParsedURL"/>
  			<meta_metadata_field name="DisplayUrl" scalar_type="ParsedURL"/>
  			<meta_metadata_field name="ModificationDate" scalarType="Int"/>
  			<meta_metadata_field name="MimeType" scalar_type="String"/>
  			<meta_metadata_field name="NewsSource" scalar_type="String"/>
  			<meta_metadata_field name="NewsSourceUrl" scalar_type="ParsedURL"/>
  			<meta_metadata_field name="PublishDate" scalar_type="Int"/>
  			<meta_metadata_field name="Language" scalar_type="String"/>
  			<meta_metadata_field name="Height" scalar_type="Int"/>
  			<meta_metadata_field name="Width" scalar_type="Int"/>
  			<meta_metadata_field name="RefererUrl" scalar_type="ParsedURL"/>
  		</meta_metadata_field>
  		
    </meta_metadata>
    
    <!--  Yahoo Web Search class-->
    <meta_metadata name="YahooWebSearchResultSet" type="ResultSet"  generate_class="false" direct_binding="true" url_base="http://api.search.yahoo.com/WebSearchService/V1/webSearch" user_agent_name="firefox_2" extends="ResultSet" comment="Yahoo Web Search class">
    	<semantic_actions>
    		<get_field name="Result"/>
    		<for_each collection="Result" as="res">
    			<get_field name="Url" object="res"/>
    			<create_container_for_search  name="resultContainer">
					<args>
						<arg value="Url"/>
					</args>
				</create_container_for_search>
				<process_search>
					<args>
						<arg value="resultContainer"/>
						<arg value="Url"/>
					</args>
				</process_search>
    		</for_each>	
    	</semantic_actions>
    </meta_metadata>
   
     <!--  Yahoo news search class -->
    <meta_metadata name="YahooNewsResultSet" type="ResultSet"  generate_class="false" direct_binding="true" url_base="http://api.search.yahoo.com/NewsSearchService/V1/newsSearch" user_agent_name="firefox_2" extends="ResultSet" comment="Yahoo News Search Class">
        <semantic_actions>
    		<get_field name="Result"/>
    		<for_each collection="Result" as="res">
    			<get_field name="Url" object="res"/>
    			<create_container_for_search  name="resultContainer">
					<args>
						<arg value="Url"/>
					</args>
				</create_container_for_search>
				<process_search>
					<args>
						<arg value="resultContainer"/>
						<arg value="Url"/>
					</args>
				</process_search>
    		</for_each>	
    	</semantic_actions>
    </meta_metadata>
    
    <!-- Yahoo Image Search Class -->
  <!--   <meta_metadata name="YahooImageSearch" type="ResultSet" extends="ResultSet" generate_class="false" direct_binding="true" url_base="http://api.search.yahoo.com/ImageSearchService/V1/imageSearch" user_agent_name="firefox_2" comment="Yahoo Image Search Class">
        <semantic_actions>
    		<get_field name="Result"/>
    		<for_each collection="Result" as="res">
    			<get_field name="ThumbNail" object="res"/>
    			<get_field name="Url" object="ThumbNail"/>
    			<get_field name="Width" object="ThumbNail"/>
    			<get_field name="Height" object="ThumbNail"/>
    			<get_field name="RefererUrl" object="res"/>
    			<create_and_visualize_img_surrogate>
    				<args>
    					<arg value="Url"/>
    					<arg value="Width"/>
    					<arg value="Height"/>
    					<arg value="RefererUrl"/>
    				</args>
    			</create_and_visualize_img_surrogate>
    		</for_each>	
    	</semantic_actions>
    </meta_metadata>-->
    
    <!-- THE RSS CLASS 
    <meta_metadata name="rss" extends="document" comment="The RSS class">
      		<meta_metadata_field name="channel" is_nested="true">
      			<meta_metadata_field name="title" scalar_type="String"/>
      			<meta_metadata_field name="link" scalar_type="String"/>
      			<meta_metadata_field name="language" scalar_type="String"/>
      			<meta_metadata_field name="description" scalar_type="String"/>
      			<meta_metadata_field name="copyright" scalar_type="String"/>
      			<meta_metadata_field name="lastBuildDate" scalar_type="String"/>
      			<meta_metadata_field name="image" is_nested="true">
      				<meta_metadata_field name="url" scalar_type="ParsedURL"/>
      				<meta_metadata_field name="title" scalar_type="String"/>
      				<meta_metadata_field name="link" scalar_type="ParsedURL"/>
      				<meta_metadata_field name="width" scalar_type="Int"/>
      				<meta_metadata_field name="height" scalar_type="Int"/>
      			</meta_metadata_field>
      			<meta_metadata_field name="item" collection="ArrayList" collection_child_type="item">
      				<meta_metadata_field name="title" scalar_type="String"/>
      				<meta_metadata_field name="link" scalar_type="ParsedURL"/>
      				<meta_metadata_field name="description" scalar_type="String"/>
      				<meta_metadata_field name="guid" scalar_type="ParsedURL"/>
      			</meta_metadata_field>
      		</meta_metadata_field>
		</meta_metadata>-->
    
    
    
    
    	<!-- The Declaration of Image Class -->
	<meta_metadata name="image" extends="media" comment="The Image Class">
		<meta_metadata_field name="caption" style="h1" scalar_type="String" comment="The caption of the image."/>
		<meta_metadata_field name="location" scalar_type="ParsedURL" comment="Location of the image."/>
		<meta_metadata_field name="nav_location" scalar_type="ParsedURL" comment=""/>
		<meta_metadata_field name="local_location" scalar_type="String" hide="true" comment="Relative location of local copy of image."/>
	</meta_metadata>
	
    <meta_metadata name="flickrImage" extends="image" url_prefix="http://www.flickr.com/photos/*/*/" comment="A Flickr Image result page">
    	<meta_metadata_field name="title" scalar_type="String" xpath="/html/body/div[@id='Main']/table[@id='Photo']/tr/td[@id='photoswftd']/h1" comment=""/>
    	<meta_metadata_field name="description" scalar_type="String" xpath="/html/body/div[@id='Main']/table[@id='Photo']/tr/td[@id='photoswftd']/div[@id='About']/div[@class='photoDescription']" comment=""/>
    	<meta_metadata_field name="href_purl" scalar_type="ParsedURL" xpath="/html/body/div[@id='Main']/table[@id='Photo']/tr/td[@id='photoswftd']/div[2]/div[@class='photoImgDiv']/img/@src" comment=""/>
    	<meta_metadata_field name="width" scalar_type="Int" xpath="/html/body/div[@id='Main']/table[@id='Photo']/tr/td[@id='photoswftd']/div[2]/div[@class='photoImgDiv']/img/@width" comment=""/>
    	<meta_metadata_field name="height" scalar_type="Int" xpath="/html/body/div[@id='Main']/table[@id='Photo']/tr/td[@id='photoswftd']/div[2]/div[@class='photoImgDiv']/img/@height" comment=""/>
    	<meta_metadata_field name="image_purl" scalar_type="ParsedURL" xpath="/html/head/link[@rel='image_src']/@href" comment=""/>
    	<semantic_actions>
    		<get_field name="href_purl"/>
    		<get_field name="width"/>
    		<get_field name="height"/>
    		<get_field name="image_purl"/>
    		<create_and_visualize_img_surrogate>
    			<args>
    				<arg value="href_purl"/>
    				<arg value="width"/>
    				<arg value="height"/>
    				<arg value="image_purl"/>
    			</args>
    		</create_and_visualize_img_surrogate>
    	</semantic_actions>
    </meta_metadata>
    
    <!-- All images submitted by a user -->
    <meta_metadata name="flicker_all_user_image" extends="document" url_prefix="http://www.flickr.com/photos/*/" comment="All flcikr photos of a particular user">
    	<meta_metadata_field name="allUserImage" collection="ArrayList" collection_child_type="flickrUserImage" comment="Collection of all images of a user">
    		<meta_metadata_field name="title" scalar_type="String" comment="Title of the image" xpath="/html/body/div[@id='Main']/table[@class='PhotoStream']/tr/td/table/tr/td/div/h4"/>
    		<meta_metadata_field name="link" scalar_type="ParsedURL" xpath="/html/body/div[@id='Main']/table[@class='PhotoStream']/tr[@*]/td[@*]/table/tr[@valign='top']/td/div[@*]/a/@href" regular_expression="s*" replacement_string="http://www.flickr.com" comment="Actual photo link"/>
    	</meta_metadata_field>
    	<semantic_actions>
    		<get_field name="allUserImage"/>
    		<for_each collection="allUserImage" as="res">
    			<get_field name="link" object="res"/>
    			<create_container  name="resultContainer">
					<args>
						<arg value="link"/>
					</args>
				</create_container>
				<process_document object="resultContainer">
					
				</process_document>
    		</for_each>
    	</semantic_actions>
    </meta_metadata>
    
	<!-- Icdl_Image Class -->
	<meta_metadata name="icdl_image" extends="image" comment="Image from The Interantional Children's digital library.">
		<meta_metadata_field name="languages" scalar_type="String" comment="The language of the library"/>
	</meta_metadata>
	
	<!-- RSS class -->
	<meta_metadata name="rss" extends="document" comment="The RSS Class.">
		<meta_metadata_field name="subject" scalar_type="String" comment=""/>
		<mime_type>xml/rss</mime_type>
		<mime_type>application/rss</mime_type>
		<!-- To identify the file type -->
		<suffix>rss</suffix>
	</meta_metadata>
	
	<!-- PDF Class -->
	<meta_metadata name="pdf" extends="document" comment="The PDF class.">
		<meta_metadata_field name="author" scalar_type="String" comment="The author of the pdf document"/>
		<meta_metadata_field name="summary" scalar_type="String" comment="Summary of the pdf document"/>
		<meta_metadata_field name="keywords" scalar_type="String" comment="Key Words of the document"/>
		<meta_metadata_field name="subject" scalar_type="String" comment="Subject of the document"/>
		<meta_metadata_field name="trapped" scalar_type="String" comment=""/>
		<meta_metadata_field name="modified" scalar_type="String" comment=""/>
		<meta_metadata_field name="contents" scalar_type="String" comment="Contents of the document"/>
		<!-- Should we have creation date of type xsd:date???? -->
		<meta_metadata_field name="creationdate" scalar_type="String" comment="Creation date of the document"/>
		<mime_type>application/pdf</mime_type>
		<mime_type>application/x-pdf</mime_type>
		<mime_type>image/pdf</mime_type>
		<suffix>pdf</suffix>
	</meta_metadata>
	<!-- Topic Class -->
	<meta_metadata name="topic" extends="document" package="ecologylab.semantics.library.uva" comment="For Collabartion with UVA's Cluster formation project.">
		<meta_metadata_field name="content_keywords" always_show="true" scalar_type="StringBuilder" comment=""/>
		<meta_metadata_field name="anchor_keywords" always_show="true" scalar_type="StringBuilder" comment=""/>
		<meta_metadata_field name="url_keywords" always_show="true" scalar_type="StringBuilder" comment=""/>
		<meta_metadata_field name="title_keywords" always_show="true" scalar_type="StringBuilder" comment=""/>
		<meta_metadata_field name="id" scalar_type="Int" comment=""/>
	</meta_metadata>
	
	<meta_metadata name="scholarly_article" extends="pdf" package="ecologylab.semantics.library.scholarlyPublication" user_agent_name="firefox_2"  comment="">
	<meta_metadata_field name="title" navigates_to="full_text" scalar_type="String" style="h1" comment=""/>
		<meta_metadata_field name="full_text" hide="true" shadows="location" scalar_type="ParsedURL" comment="The Linked PDF"/>
		<meta_metadata_field name="alt" scalar_type="String" comment="ALT TEXT FOR THE IMAGE"/>
		<meta_metadata_field name="abstract" shadows="summary" scalar_type="String" comment=""/>
		<meta_metadata_field name="source" is_nested ="true" comment="Metadata related to where this article was published.">
			<meta_metadata_field name="img_purl" scalar_type="ParsedURL"  comment=""/>
			<meta_metadata_field name="heading" navigates_to="archive" scalar_type="String"  is_facet="true" comment="Name where published."/>
			<meta_metadata_field name="archive" hide="true" scalar_type="ParsedURL" comment=""/>
			<meta_metadata_field name="table_of_contents" hide="true" scalar_type="ParsedURL" comment=""/>
			<meta_metadata_field name="pages" navigates_to="table_of_contents" scalar_type="String"  comment=""/>
			<meta_metadata_field name="year_of_publication" scalar_type="Int"  is_facet="true" comment=""/>
			<meta_metadata_field name="isbn" scalar_type="String"  comment=""/>
		</meta_metadata_field>
		<meta_metadata_field name="authors" shadows="author" collection="ArrayList" collection_child_type="author" comment="">
			<meta_metadata_field name="name" scalar_type="String"  is_facet="true" comment=""/>
			<meta_metadata_field name="affiliation" scalar_type="String"  comment=""/>
			<meta_metadata_field name="results_page" scalar_type="ParsedURL"  comment=""/>
		</meta_metadata_field>
		<meta_metadata_field name="references" collection="ArrayList" collection_child_type="reference" comment="">
			<meta_metadata_field name="link" scalar_type="ParsedURL"   hide="true"  comment=""/>
			<meta_metadata_field name="bib_tex" scalar_type="String"   navigates_to="link" comment=""/>
		</meta_metadata_field>
		<meta_metadata_field name="citations" collection="ArrayList" collection_child_type="reference" comment="">
			<meta_metadata_field name="link" scalar_type="ParsedURL"   hide="true"   comment=""/>
			<meta_metadata_field name="bib_tex" scalar_type="String"   navigates_to="link" comment=""/>
		</meta_metadata_field>
	</meta_metadata >
	
	<!-- ACM portal class -->
	<meta_metadata name="acm_portal"  type="scholarly_article" generate_class="false" url_base="http://portal.acm.org/citation.cfm" extends="scholarly_article"  package="ecologylab.semantics.library.scholarlyPublication" user_agent_name="firefox_2" comment="">
	<meta_metadata_field name="title" xpath=".//td[@class='medium-text']/strong/child::text()"  comment=""/>
		<meta_metadata_field name="full_text" xpath=".//a[@name='FullText']/@href" regular_expression="s*" replacement_string="http://portal.acm.org/" comment="The Linked PDF"/>
		<meta_metadata_field name="alt" xpath="//img/attribute::src[starts-with(.,'http://portalparts')]/../attribute::alt" comment="ALT TEXT FOR THE IMAGE"/>
		<meta_metadata_field name="abstract" xpath=".//p[@class='abstract']/child::text()" comment=""/>
		<meta_metadata_field name="source" is_nested ="true" comment="Metadata related to where this article was published.">
			<meta_metadata_field name="img_purl"  scalar_type="ParsedURL"  xpath="//img/attribute::src[starts-with(.,'http://portalparts')]" regular_expression="s*" replacement_string="http://portal.acm.org/" comment=""/>
			<meta_metadata_field name="heading" scalar_type="String" xpath=".//span[@class='mediumb-text']/child::text()"  comment="Name where published."/>
			<meta_metadata_field name="archive" scalar_type="ParsedURL" xpath=".//span[@class='mediumb-text']/../a[child::text()='archive']/@href" regular_expression="s*" replacement_string="http://portal.acm.org/" comment=""/>
			<meta_metadata_field name="table_of_contents"  scalar_type="ParsedURL" xpath=".//span[@class='mediumb-text']/../a[child::text()='table of contents']/@href" regular_expression="s*" replacement_string="http://portal.acm.org/" comment=""/>
			<meta_metadata_field name="pages"  scalar_type="String" xpath=".//div[@class='small-text']/child::text()[starts-with(.,'Pages:')]" regular_expression="Pages:" replacement_string="" comment=""/>
			<meta_metadata_field name="year_of_publication"  scalar_type="Int" xpath=".//div[@class='small-text']/child::text()[starts-with(.,'Year of Publication:')]" regular_expression="Year of Publication:" replacement_string="" is_facet="true" comment=""/>
			<meta_metadata_field name="isbn"  scalar_type="String"  xpath=".//div[@class='small-text']/child::text()[starts-with(.,'ISSN:') or starts-with(.,'ISBN:')]" regular_expression="ISBN" replacement_string="" comment=""/>
		</meta_metadata_field>
		<meta_metadata_field name="authors" shadows="author" collection="ArrayList" collection_child_type="author" comment="">
			<meta_metadata_field name="name" scalar_type="String"   xpath=".//div[@class='authors']//a/child::text()"  comment=""/>
			<meta_metadata_field name="affiliation"  scalar_type="String" xpath=".//div[@class='authors']//small/child::text()" comment=""/>
			<meta_metadata_field name="results_page" scalar_type="ParsedURL"  xpath=".//div[@class='authors']//a/@href" regular_expression="s*" replacement_string="http://portal.acm.org/" comment=""/>
		</meta_metadata_field>
		<meta_metadata_field name="references" collection="ArrayList" collection_child_type="reference" comment="">
			<meta_metadata_field name="link" scalar_type="ParsedURL"   xpath=".//a[@name='references']/../following-sibling::table//@href[starts-with(.,'citation')]"  hide="true" regular_expression="s*" replacement_string="http://portal.acm.org/" comment=""/>
			<meta_metadata_field name="bib_tex"  scalar_type="String"  xpath="//a[@name='references']/../following-sibling::table//@href[starts-with(.,'citation')]/../child::text()"  navigates_to="link" comment=""/>
		</meta_metadata_field>
		<meta_metadata_field name="citations" collection="ArrayList" collection_child_type="reference" comment="">
			<meta_metadata_field name="link"  scalar_type="ParsedURL"  xpath=".//a[@name='citings']/../following-sibling::table//@href[starts-with(.,'citation')]"   hide="true"  regular_expression="s*" replacement_string="http://portal.acm.org/" comment=""/>
			<meta_metadata_field name="bib_tex" scalar_type="String" xpath=".//a[@name='citings']/../following-sibling::table//@href[starts-with(.,'citation')]/../child::text()"  navigates_to="link" comment=""/>
		</meta_metadata_field>
		<semantic_actions>
			<get_field name="full_text">
				<checks>
					<check condition="NOT_NULL" name="fullTextFlag"/>
				</checks>
			</get_field>
			<create_container name="localContainer" return_type="Container">
				<if>
					<flag_check value="fullTextFlag"/>
				</if>
				<args>
					<arg value="full_text" type="ParsedURL"/>
				</args>
			</create_container>
			<set_metadata object="localContainer">
				<if>
					<flag_check value="fullTextFlag"/>
				</if>
				<args>
					<arg value="metadata" type="Metadata"/>
				</args>
			</set_metadata>
			<process_document object="localContainer">
				<if>
					<flag_check value="fullTextFlag"/>
				</if>
			</process_document>
		</semantic_actions>
	</meta_metadata >
	
	<meta_metadata name="nytimes" extends="document" url_base="http://nytimes.com" user_agent_name="google_bot_0" generate_class="false"/>
	<meta_metadata name="www.nytimes" extends="document" url_base="http://www.nytimes.com" user_agent_name="google_bot_0" generate_class="false"/>
	<meta_metadata name="debug_metadata" generate_class="false">
		<meta_metadata_field name="term_vector" scalar_type="StringBuilder" ignore_in_term_vector="true" comment=""/>
		<meta_metadata_field name="term_weights" scalar_type="StringBuilder" ignore_in_term_vector="true" comment=""/>
	</meta_metadata>
	<!-- <meta_metadata name="test_semantic_action" generate_class="false">
		<semantic_actions>
			<semantic_action id="" name="level_0_action1" object="" return_value="">
				<checks>
				</checks>
				<flag_checks>
				</flag_checks>
				<arguments>
				</arguments>
				<semantic_action name="level_1_action1" object="" return_value="ret_val_level1">
					<checks>
					</checks>
					<flag_checks>
					</flag_checks>
					<arguments>
					</arguments>
				</semantic_action>
			</semantic_action>
			<semantic_acton name="level_0_action2" object="  " return_value="">
			</semantic_acton>
		
		</semantic_actions>
	
	</meta_metadata>-->
</meta_metadata_repository>
