<meta_metadata_repository name="default_repository" package="ecologylab.semantics.library">
	<user_agents>
		<user_agent name="ie_5" string="Mozilla/4.0 (compatible; MSIE 5.5; Windows NT 5.0" />
		<user_agent name="firefox_2" string="Mozilla/5.0 (Windows; U; Windows NT 5.1; en-US; rv:1.8.1.7) Gecko/20070914 Firefox/2.0.0.7" />
		<user_agent name="google_bot_0" string="Googlebot/2.1 (+http://www.google.com/bot.html)" />
		<user_agent name="google_bot_1" default="true" string="Mozilla/5.0 (compatible; Googlebot/2.1; +http://www.google.com/bot.html)" />
		<user_agent name="google_bot_2" string="Googlebot/2.1 (+http://www.googlebot.com/bot.html)" />
	</user_agents>
	
	
	 <meta_metadata name="wikipedia_page" extends="document" binding="xpath" url_prefix="http://en.wikipedia.org/wiki/" package="ecologylab.semantics.generated.library" comment="An article on wikipedia">
  
	<semantic_actions>
		<get_field name="main_image_src">
			<checks>
  				<check condition="NOT_NULL" name="imageFound" /> 
  			</checks>
 		 </get_field>
  		 <get_field name="main_image_height" /> 
  		 <get_field name="main_image_width" /> 
  		 <get_field name="location" /> 
  		 <if>
  		 	<flag_checks>
  				<flag_check value="imageFound" /> 
  			</flag_checks>
  				<create_and_visualize_img_surrogate>
					<args>
  						<arg value="location" /> 
  						<arg value="main_image_height" /> 
						<arg value="main_image_width" /> 
						<arg value="main_image_src" /> 
  					</args>
  				</create_and_visualize_img_surrogate>
  		</if>
  		<get_field name="paragraphs" /> 
	  		<for_each collection="paragraphs" as="para">
  				<get_field name="paragraph_text" object="para" /> 
  				<get_field name="anchors" object="para" /> 
					<for_each collection="anchors" as="anch">
						<get_field name="link" object="anch">
							 <checks>
  								<check condition="NOT_NULL" name="gotLink" /> 
  							</checks>
  						</get_field>
						 <get_field name="anchor_text" object="anch">
							 <checks>
  								<check condition="NOT_NULL" name="gotAnchorText" /> 
  							</checks>
  						</get_field>
  						 <if>
  						 	<flag_checks>
  						 		<flag_check value="gotAnchorText" /> 
  								<flag_check value="gotLink" /> 
  						 	</flag_checks>
							<create_semantic_anchor>
								<args>
  									<arg value="link" /> 
 									<arg value="anchor_text" /> 
  									<arg value="paragraph_text" /> 
  								</args>
  							</create_semantic_anchor>
  						</if>
  				</for_each>
  		</for_each>
  	<get_field name="Thumbinners" /> 
	<for_each collection="Thumbinners" as="thumbinner">
		 <get_field name="thumb_img_caption" object="thumbinner">
			<checks>
  				<check condition="NOT_NULL" name="gotImageCaption" /> 
  			</checks>
  		</get_field>
		<get_field name="thumb_img_height" object="thumbinner">
			<checks>
  				<check condition="NOT_NULL" name="gotImageHeight" /> 
  			</checks>
  		</get_field>
		<get_field name="thumb_img_width" object="thumbinner">
			<checks>
  				<check condition="NOT_NULL" name="gotImageWidth" /> 
  			</checks>
  		</get_field>
		<get_field name="thumb_img_src" object="thumbinner">
			 <checks>
  				<check condition="NOT_NULL" name="gotImageSrc" /> 
  			</checks>
  		</get_field>
		<get_field name="thumb_img_link" object="thumbinner">
			 <checks>
  				<check condition="NOT_NULL" name="gotImageLink" /> 
  			</checks>
  		</get_field>
  		 <if>
  		 	<flag_checks>
  		 		<flag_check value="gotImageCaption" /> 
  				<flag_check value="gotImageHeight" /> 
  				<flag_check value="gotImageWidth" /> 
  				<flag_check value="gotImageSrc" /> 
  				<flag_check value="gotImageLink" /> 
  		 	</flag_checks>
			<create_and_visualize_img_surrogate>
				<args>
	  				<arg value="thumb_img_link" /> 
	  				<arg value="thumb_img_width" /> 
	  				<arg value="thumb_img_height" /> 
	  				<arg value="thumb_img_src" /> 
  				</args>
  			</create_and_visualize_img_surrogate>
  		</if>
  </for_each>
	 
<!--	<get_xpath_node name="content_image_anchors" xpath="/html/body/div[@class='thumbinner']/a" return_object="node_set"/>-->
<!--	   -->
<!--	  <get_field name="ExternalLinks"/>-->
<!--	    		<for_each collection="ExternalLinks" as="exLink">-->
<!--	    			<get_field name="link" object="exLink"/>-->
<!--	    			<create_container  name="resulContainer">-->
<!--						<args>-->
<!--							<arg value="link"/>-->
<!--						</args>-->
<!--					</create_container>-->
<!--					<process_document object="resulContainer">-->
<!--						-->
<!--					</process_document>-->
<!--	    		</for_each>-->
   
<!--  	<get_field name="InternalLinks" /> -->
<!--		<for_each collection="InternalLinks" as="inLink">-->
<!--  			<get_field name="link" object="inLink" /> -->
<!--			 <create_container name="resultContainer">-->
<!--				<args>-->
<!--  					<arg value="link" /> -->
<!--  				</args>-->
<!--  			</create_container>-->
<!--			<queue_document_download>-->
<!--				 <args>-->
<!--  					<args value="resultContainer" /> -->
<!--  				</args>-->
<!--  			</queue_document_download>-->
<!--  		</for_each>-->
  </semantic_actions>
 </meta_metadata>
	
	
</meta_metadata_repository>
