<settings>
	<pluginGroups>
		<pluginGroup>
			com.atlassian.confluence.maven.plugins
		</pluginGroup>
		<pluginGroup>com.atlassian.maven.plugins</pluginGroup>
	</pluginGroups>

	<mirrors>
		<mirror>
			<id>ibiblio.net</id>

			<url>http://www.ibiblio.net/pub/packages/maven2</url>

			<mirrorOf>central</mirrorOf>
		</mirror>
	</mirrors>
	<servers>

		<server>
			<id>atlassian-m2-repository</id>
		</server>

		<server>
			<id>atlassian-m1-repository</id>
		</server>

	</servers>
	<profiles>
		<profile>
			<id>default</id>
			<activation>
				<activeByDefault>true</activeByDefault>

			</activation>
			<repositories>
				<repository>
					<id>atlassian-m2-repository</id>
					<name>Atlassian Maven 2.x Repository</name>
					<url>http://repository.atlassian.com/maven2</url>
					<snapshots>

						<enabled>true</enabled>
						<updatePolicy>interval:30</updatePolicy>

					</snapshots>
				</repository>
				<repository>
					<id>atlassian-m1-repository</id>
					<name>Atlassian Maven 1.x Repository</name>
					<url>http://repository.atlassian.com</url>
					<layout>legacy</layout>

					<snapshots>
						<enabled>true</enabled>
					</snapshots>

				</repository>
				<repository>
					<id>Codehaus</id>

					<name>Codehaus Repository</name>
					<url>http://repository.codehaus.org/</url>
					<snapshots>
						<enabled>true</enabled>
					</snapshots>
				</repository>
			</repositories>

			<pluginRepositories>
				<pluginRepository>
					<id>atlassian-m2-repository</id>

					<name>Atlassian Maven 2.x Repository</name>
					<url>http://repository.atlassian.com/maven2</url>
					<snapshots>
						<enabled>true</enabled>
						<updatePolicy>always</updatePolicy>
					</snapshots>

				</pluginRepository>
			</pluginRepositories>
			<properties>
				<atlassian.idea.tomcat_env.jdk.name>
					1.4.2
				</atlassian.idea.tomcat_env.jdk.name>
				<atlassian.idea.jdk.name>1.4.2</atlassian.idea.jdk.name>
				<atlassian.pdk.server.url>
					http://localhost:8080/
				</atlassian.pdk.server.url>

				<atlassian.pdk.server.username>
					admin
				</atlassian.pdk.server.username>
				<atlassian.pdk.server.password>
					admin
				</atlassian.pdk.server.password>
				<atlassian.idea.resin.location>
					C:\resin-2.1.17
				</atlassian.idea.resin.location>

				<atlassian.idea.resin3.location>
					C:\resin-3.0.19\resin-3.0.19
				</atlassian.idea.resin3.location>

				<atlassian.idea.tomcat.location>
					C:\apache-tomcat-5.5.17
				</atlassian.idea.tomcat.location>
				<atlassian.idea.orion.location>
					C:\orion2.0.7\orion
				</atlassian.idea.orion.location>
			</properties>
		</profile>
	</profiles>

</settings>

