<?xml version="1.0" encoding="iso-8859-1" ?>
<rss version="2.0" xmlns:media="http://search.yahoo.com/mrss/" xmlns:ynews="http://news.yahoo.com/rss/">
<channel>
<title>Yahoo! News: Top Stories</title>
<copyright>Copyright (c) 2007 Yahoo! Inc. All rights reserved.</copyright>
<link>http://news.yahoo.com/i/716</link>
<description>Top Stories</description>
<language>en-us</language> 
<lastBuildDate>Tue, 25 Sep 2007 03:20:00 GMT</lastBuildDate>
<ttl>5</ttl> 
<image>
<title>Yahoo! News</title>
<width>142</width>
<height>18</height>
<link>http://news.yahoo.com/i/716</link>
<url>http://us.i1.yimg.com/us.yimg.com/i/us/nws/th/main_142b.gif</url>
</image>
<item>
<title>U.S. snipers accused of &#039;baiting&#039; Iraqis 
    (AP)
</title>
 <link>http://us.rd.yahoo.com/dailynews/rss/topstories/*http://news.yahoo.com/s/ap/20070925/ap_on_go_ca_st_pe/us_iraq_snipers</link>
 <guid isPermaLink="false">ap/20070925/us_iraq_snipers</guid>
<pubDate>Tue, 25 Sep 2007 03:16:26 GMT</pubDate>
<description>&#60;p>&#60;a href="http://us.rd.yahoo.com/dailynews/rss/topstories/*http://news.yahoo.com/s/ap/20070925/ap_on_go_ca_st_pe/us_iraq_snipers">&#60;img src="http://d.yimg.com/us.yimg.com/p/ap/20070925/capt.nyol91309250033.us_iraq_snipers_nyol913.jpg?x=130&amp;y=88&amp;sig=TvveS6LOv5PHWKdgPUtoqQ--" align="left" height="88" width="130" alt="A U.S. soldier holds his sniper position on a rooftop in a Shiite enclave of Sadr City in Baghdad, Iraq, in this April file photo. Army snipers hunting insurgents in Iraq were under orders to &#039;bait&#039; their targets with suspicious materials, such as detonation cords, and then kill whoever picked up the items, according to the defense attorney for a soldier accused of planting evidence on an Iraqi he killed. (AP Photo/Adil al-Khazali, FILE)" border="0" />&#60;/a>AP - Army snipers hunting insurgents in Iraq were under orders to &quot;bait&quot; their targets with suspicious materials, such as detonation cords, and then kill whoever picked up the items, according to the defense attorney for a soldier accused of planting evidence on an Iraqi he killed. Gary Myers, an attorney for Sgt. Evan Vela, said Monday his client had acted &quot;pursuant to orders.&quot;&#60;/p>&#60;br clear="all"/></description>
<media:content url="http://d.yimg.com/us.yimg.com/p/ap/20070925/capt.nyol91309250033.us_iraq_snipers_nyol913.jpg?x=130&amp;y=88&amp;sig=TvveS6LOv5PHWKdgPUtoqQ--" type="image/jpeg" height="88" width="130"/>
<media:text type="html">&#60;p>&#60;a href="http://us.rd.yahoo.com/dailynews/rss/topstories/*http://news.yahoo.com/s/ap/20070925/ap_on_go_ca_st_pe/us_iraq_snipers">&#60;img src="http://d.yimg.com/us.yimg.com/p/ap/20070925/capt.nyol91309250033.us_iraq_snipers_nyol913.jpg?x=130&amp;y=88&amp;sig=TvveS6LOv5PHWKdgPUtoqQ--" align="left" height="88" width="130" alt="photo" title="A U.S. soldier holds his sniper position on a rooftop in a Shiite enclave of Sadr City in Baghdad, Iraq, in this April file photo. Army snipers hunting insurgents in Iraq were under orders to &#039;bait&#039; their targets with suspicious materials, such as detonation cords, and then kill whoever picked up the items, according to the defense attorney for a soldier accused of planting evidence on an Iraqi he killed. (AP Photo/Adil al-Khazali, FILE)" border="0"/>&#60;/a>&#60;/p>&#60;br clear="all"/></media:text>
<media:credit role="publishing company">(AP)</media:credit>
</item>
<item>
<title>Ahmadinejad questions 9/11, Holocaust 
    (AP)
</title>
 <link>http://us.rd.yahoo.com/dailynews/rss/topstories/*http://news.yahoo.com/s/ap/20070925/ap_on_re_us/iran_us</link>
 <guid isPermaLink="false">ap/20070925/iran_us</guid>
<pubDate>Tue, 25 Sep 2007 03:10:20 GMT</pubDate>
<description>&#60;p>&#60;a href="http://us.rd.yahoo.com/dailynews/rss/topstories/*http://news.yahoo.com/s/ap/20070925/ap_on_re_us/iran_us">&#60;img src="http://d.yimg.com/us.yimg.com/p/ap/20070924/capt.8e320aa8ff93434abb81d836fea466df.us_iran_ahmadinejad_nyr115.jpg?x=130&amp;y=86&amp;sig=w7RLeSp4EEHl151UWzwA0A--" align="left" height="86" width="130" alt="Iranian President Mahmoud Ahmadinejad speaks at Columbia University, New York, Monday, Sept. 24, 2007.  (AP Photo/Shannon Stapleton, Pool)" border="0" />&#60;/a>AP - Iranian President Mahmoud Ahmadinejad defended Holocaust revisionists and raised questions about who carried out the Sept. 11 attacks in a tense showdown Monday at Columbia University, where the school&#039;s head introduced the hard-line leader by calling him a &quot;petty and cruel dictator.&quot;&#60;/p>&#60;br clear="all"/></description>
<media:content url="http://d.yimg.com/us.yimg.com/p/ap/20070924/capt.8e320aa8ff93434abb81d836fea466df.us_iran_ahmadinejad_nyr115.jpg?x=130&amp;y=86&amp;sig=w7RLeSp4EEHl151UWzwA0A--" type="image/jpeg" height="86" width="130"/>
<media:text type="html">&#60;p>&#60;a href="http://us.rd.yahoo.com/dailynews/rss/topstories/*http://news.yahoo.com/s/ap/20070925/ap_on_re_us/iran_us">&#60;img src="http://d.yimg.com/us.yimg.com/p/ap/20070924/capt.8e320aa8ff93434abb81d836fea466df.us_iran_ahmadinejad_nyr115.jpg?x=130&amp;y=86&amp;sig=w7RLeSp4EEHl151UWzwA0A--" align="left" height="86" width="130" alt="photo" title="Iranian President Mahmoud Ahmadinejad speaks at Columbia University, New York, Monday, Sept. 24, 2007.  (AP Photo/Shannon Stapleton, Pool)" border="0"/>&#60;/a>&#60;/p>&#60;br clear="all"/></media:text>
<media:credit role="publishing company">(AP)</media:credit>
</item>
<item>
<title>Bush Admin. urges Social Security fix 
    (AP)
</title>
 <link>http://us.rd.yahoo.com/dailynews/rss/topstories/*http://news.yahoo.com/s/ap/20070925/ap_on_go_ca_st_pe/bush_social_security</link>
 <guid isPermaLink="false">ap/20070925/bush_social_security</guid>
<pubDate>Tue, 25 Sep 2007 03:14:00 GMT</pubDate>
<description>&#60;p>&#60;a href="http://us.rd.yahoo.com/dailynews/rss/topstories/*http://news.yahoo.com/s/ap/20070925/ap_on_go_ca_st_pe/bush_social_security">&#60;img src="http://d.yimg.com/us.yimg.com/p/ap/20070924/capt.nyol91109242150.bush_social_security_nyol911.jpg?x=130&amp;y=86&amp;sig=7xFUxm3k.Sne0wE9UfRImg--" align="left" height="86" width="130" alt="Trays of printed social security checks wait to be mailed  from the U.S. Treasury&#039;s Financial Management services facility in Philadelphia in this 2005 file photo. The Bush administration said in a new report Monday that Social Security is facing a $13.6 trillion shortfall and that delaying needed reforms is not fair to younger workers. (AP Photo/Bradley C Bower, File)" border="0" />&#60;/a>AP - The Bush administration said in a new report Monday that Social Security is facing a &#36;13.6 trillion shortfall in coming years and that delaying reforms is not fair to younger workers.&#60;/p>&#60;br clear="all"/></description>
<media:content url="http://d.yimg.com/us.yimg.com/p/ap/20070924/capt.nyol91109242150.bush_social_security_nyol911.jpg?x=130&amp;y=86&amp;sig=7xFUxm3k.Sne0wE9UfRImg--" type="image/jpeg" height="86" width="130"/>
<media:text type="html">&#60;p>&#60;a href="http://us.rd.yahoo.com/dailynews/rss/topstories/*http://news.yahoo.com/s/ap/20070925/ap_on_go_ca_st_pe/bush_social_security">&#60;img src="http://d.yimg.com/us.yimg.com/p/ap/20070924/capt.nyol91109242150.bush_social_security_nyol911.jpg?x=130&amp;y=86&amp;sig=7xFUxm3k.Sne0wE9UfRImg--" align="left" height="86" width="130" alt="photo" title="Trays of printed social security checks wait to be mailed  from the U.S. Treasury&#039;s Financial Management services facility in Philadelphia in this 2005 file photo. The Bush administration said in a new report Monday that Social Security is facing a $13.6 trillion shortfall and that delaying needed reforms is not fair to younger workers. (AP Photo/Bradley C Bower, File)" border="0"/>&#60;/a>&#60;/p>&#60;br clear="all"/></media:text>
<media:credit role="publishing company">(AP)</media:credit>
</item>
<item>
<title>Bush says Clinton will be Dem nominee 
    (AP)
</title>
 <link>http://us.rd.yahoo.com/dailynews/rss/topstories/*http://news.yahoo.com/s/ap/20070925/ap_on_el_pr/bush_politics</link>
 <guid isPermaLink="false">ap/20070925/bush_politics</guid>
<pubDate>Tue, 25 Sep 2007 03:13:37 GMT</pubDate>
<description>&#60;p>&#60;a href="http://us.rd.yahoo.com/dailynews/rss/topstories/*http://news.yahoo.com/s/ap/20070925/ap_on_el_pr/bush_politics">&#60;img src="http://d.yimg.com/us.yimg.com/p/ap/20070923/capt.c46fbc56515f44c6843485217993aa03.clinton_2008_grisham_vash109.jpg?x=130&amp;y=94&amp;sig=9Odf1l8n6pvYF26MVzMwlQ--" align="left" height="94" width="130" alt="Democratic Presidential candidate Sen. Hillary Clinton D-NY., gestures during a fundraiser in Charlottesville, Va., Sunday, Sept. 23, 2007. (AP Photo/Steve Helber)" border="0" />&#60;/a>AP - President Bush, breaking his rule not to talk about presidential politics, says he believes Hillary Rodham Clinton will defeat Barack Obama in the Democratic presidential primaries. Bush also predicts that Clinton will be defeated in the general election by the Republican nominee.&#60;/p>&#60;br clear="all"/></description>
<media:content url="http://d.yimg.com/us.yimg.com/p/ap/20070923/capt.c46fbc56515f44c6843485217993aa03.clinton_2008_grisham_vash109.jpg?x=130&amp;y=94&amp;sig=9Odf1l8n6pvYF26MVzMwlQ--" type="image/jpeg" height="94" width="130"/>
<media:text type="html">&#60;p>&#60;a href="http://us.rd.yahoo.com/dailynews/rss/topstories/*http://news.yahoo.com/s/ap/20070925/ap_on_el_pr/bush_politics">&#60;img src="http://d.yimg.com/us.yimg.com/p/ap/20070923/capt.c46fbc56515f44c6843485217993aa03.clinton_2008_grisham_vash109.jpg?x=130&amp;y=94&amp;sig=9Odf1l8n6pvYF26MVzMwlQ--" align="left" height="94" width="130" alt="photo" title="Democratic Presidential candidate Sen. Hillary Clinton D-NY., gestures during a fundraiser in Charlottesville, Va., Sunday, Sept. 23, 2007. (AP Photo/Steve Helber)" border="0"/>&#60;/a>&#60;/p>&#60;br clear="all"/></media:text>
<media:credit role="publishing company">(AP)</media:credit>
</item>
<item>
<title>Japanese PM Abe and his Cabinet resign 
    (AP)
</title>
 <link>http://us.rd.yahoo.com/dailynews/rss/topstories/*http://news.yahoo.com/s/ap/20070925/ap_on_re_as/japan_politics</link>
 <guid isPermaLink="false">ap/20070925/japan_politics</guid>
<pubDate>Tue, 25 Sep 2007 03:12:31 GMT</pubDate>
<description>&#60;p>&#60;a href="http://us.rd.yahoo.com/dailynews/rss/topstories/*http://news.yahoo.com/s/ap/20070925/ap_on_re_as/japan_politics">&#60;img src="http://d.yimg.com/us.yimg.com/p/ap/20070924/capt.tok10909240959.japan_abe_tok109.jpg?x=130&amp;y=83&amp;sig=tMQwhTDDA_hBlOAbBJyVBw--" align="left" height="83" width="130" alt="Japanese Prime Minister Shinzo Abe speaks at a nationally televised press conference at the Keio  University Hospital in Tokyo Monday, Sept. 24, 2007.  Looking thin and speaking in a scratchy voice, Abe said that ailing health prompted him to suddenly announce his resignation, and he apologized to the nation. Sitting at right are: Naoki Aikawa, general director of Keio Hospital, and Toshifumi Hibi, a top doctor treating Abe.(AP Photo/Koji Sasahara, Pool)" border="0" />&#60;/a>AP - Japanese Prime Minister Shinzo Abe and his Cabinet resigned Tuesday, clearing the way for new ruling party leader Yasuo Fukuda to be named by parliament as his successor later in the day.&#60;/p>&#60;br clear="all"/></description>
<media:content url="http://d.yimg.com/us.yimg.com/p/ap/20070924/capt.tok10909240959.japan_abe_tok109.jpg?x=130&amp;y=83&amp;sig=tMQwhTDDA_hBlOAbBJyVBw--" type="image/jpeg" height="83" width="130"/>
<media:text type="html">&#60;p>&#60;a href="http://us.rd.yahoo.com/dailynews/rss/topstories/*http://news.yahoo.com/s/ap/20070925/ap_on_re_as/japan_politics">&#60;img src="http://d.yimg.com/us.yimg.com/p/ap/20070924/capt.tok10909240959.japan_abe_tok109.jpg?x=130&amp;y=83&amp;sig=tMQwhTDDA_hBlOAbBJyVBw--" align="left" height="83" width="130" alt="photo" title="Japanese Prime Minister Shinzo Abe speaks at a nationally televised press conference at the Keio  University Hospital in Tokyo Monday, Sept. 24, 2007.  Looking thin and speaking in a scratchy voice, Abe said that ailing health prompted him to suddenly announce his resignation, and he apologized to the nation. Sitting at right are: Naoki Aikawa, general director of Keio Hospital, and Toshifumi Hibi, a top doctor treating Abe.(AP Photo/Koji Sasahara, Pool)" border="0"/>&#60;/a>&#60;/p>&#60;br clear="all"/></media:text>
<media:credit role="publishing company">(AP)</media:credit>
</item>
<item>
<title>Feds announce largest steroid crackdown 
    (AP)
</title>
 <link>http://us.rd.yahoo.com/dailynews/rss/topstories/*http://news.yahoo.com/s/ap/20070925/ap_on_re_us/steroid_busts</link>
 <guid isPermaLink="false">ap/20070925/steroid_busts</guid>
<pubDate>Tue, 25 Sep 2007 03:10:38 GMT</pubDate>
<description>&#60;p>&#60;a href="http://us.rd.yahoo.com/dailynews/rss/topstories/*http://news.yahoo.com/s/ap/20070925/ap_on_re_us/steroid_busts">&#60;img src="http://d.yimg.com/us.yimg.com/p/ap/20070924/capt.509631ec981841ac9bd59ff5995fb6c3.steroid_busts_wx108.jpg?x=130&amp;y=97&amp;sig=lQxT6ffHB1Qyjdl5LnTRhA--" align="left" height="97" width="130" alt="This undated image provided by the Drug Enforcement Agency shows containers holding vials of steroids confiscated on Long Island, N.Y. during the DEA&#039;s Operation Raw Deal. Over 120 people were arrested in an 18-month international investigation of illicit steroid labs, the Drug Enforcement Administration announced Monday, Sept. 24, 2007.The DEA said the wide-ranging probe dubbed Operation Raw Deal was assisted by foreign governments in nine countries including China and led to the seizure of 56 laboratories in the U.S. for manufacturing anabolic steroids and human growth hormone. (AP Photo/DEA)" border="0" />&#60;/a>AP - PROVIDENCE, R.I. &amp;#151; Federal authorities announced the largest crackdown on illegal steroids in the nation&#039;s history Monday, arresting more than 120 people and raiding dozens of labs that manufactured growth hormone for sale on the black market.&#60;/p>&#60;br clear="all"/></description>
<media:content url="http://d.yimg.com/us.yimg.com/p/ap/20070924/capt.509631ec981841ac9bd59ff5995fb6c3.steroid_busts_wx108.jpg?x=130&amp;y=97&amp;sig=lQxT6ffHB1Qyjdl5LnTRhA--" type="image/jpeg" height="97" width="130"/>
<media:text type="html">&#60;p>&#60;a href="http://us.rd.yahoo.com/dailynews/rss/topstories/*http://news.yahoo.com/s/ap/20070925/ap_on_re_us/steroid_busts">&#60;img src="http://d.yimg.com/us.yimg.com/p/ap/20070924/capt.509631ec981841ac9bd59ff5995fb6c3.steroid_busts_wx108.jpg?x=130&amp;y=97&amp;sig=lQxT6ffHB1Qyjdl5LnTRhA--" align="left" height="97" width="130" alt="photo" title="This undated image provided by the Drug Enforcement Agency shows containers holding vials of steroids confiscated on Long Island, N.Y. during the DEA&#039;s Operation Raw Deal. Over 120 people were arrested in an 18-month international investigation of illicit steroid labs, the Drug Enforcement Administration announced Monday, Sept. 24, 2007.The DEA said the wide-ranging probe dubbed Operation Raw Deal was assisted by foreign governments in nine countries including China and led to the seizure of 56 laboratories in the U.S. for manufacturing anabolic steroids and human growth hormone. (AP Photo/DEA)" border="0"/>&#60;/a>&#60;/p>&#60;br clear="all"/></media:text>
<media:credit role="publishing company">(AP)</media:credit>
</item>
<item>
<title>Study: Acupuncture works for back pain 
    (AP)
</title>
 <link>http://us.rd.yahoo.com/dailynews/rss/topstories/*http://news.yahoo.com/s/ap/20070925/ap_on_he_me/back_pain_acupuncture</link>
 <guid isPermaLink="false">ap/20070925/back_pain_acupuncture</guid>
<pubDate>Tue, 25 Sep 2007 03:09:04 GMT</pubDate>
<description>&#60;p>&#60;a href="http://us.rd.yahoo.com/dailynews/rss/topstories/*http://news.yahoo.com/s/ap/20070925/ap_on_he_me/back_pain_acupuncture">&#60;img src="http://d.yimg.com/us.yimg.com/p/ap/20070924/capt.068e5aa65b5e400dbf7a111657493e65.back_pain_acupuncture_cx104.jpg?x=130&amp;y=80&amp;sig=QNXopbMVHotlKifMp0tYaA--" align="left" height="80" width="130" alt="Anah McMahon, L. Ac. adjusts one inch seirin acupuncture needles in the muscles around the spine of Mariah VanHorn to relieve lower back pain, Monday, Sept. 24, 2007, at the Pacific College of Oriental Medicine in Chicago. Researchers at Ruhr University Bochum in Bochum, Germany, found that both real and fake acupuncture perform much better than conventional care for low back pain relief. (AP Photo/M. Spencer Green)" border="0" />&#60;/a>AP - Fake acupuncture works nearly as well as the real thing for low back pain, and either kind performs much better than usual care, German researchers have found. Almost half the patients treated with acupuncture needles felt relief that lasted months. In contrast, only about a quarter of the patients receiving medications and other Western medical treatments felt better.&#60;/p>&#60;br clear="all"/></description>
<media:content url="http://d.yimg.com/us.yimg.com/p/ap/20070924/capt.068e5aa65b5e400dbf7a111657493e65.back_pain_acupuncture_cx104.jpg?x=130&amp;y=80&amp;sig=QNXopbMVHotlKifMp0tYaA--" type="image/jpeg" height="80" width="130"/>
<media:text type="html">&#60;p>&#60;a href="http://us.rd.yahoo.com/dailynews/rss/topstories/*http://news.yahoo.com/s/ap/20070925/ap_on_he_me/back_pain_acupuncture">&#60;img src="http://d.yimg.com/us.yimg.com/p/ap/20070924/capt.068e5aa65b5e400dbf7a111657493e65.back_pain_acupuncture_cx104.jpg?x=130&amp;y=80&amp;sig=QNXopbMVHotlKifMp0tYaA--" align="left" height="80" width="130" alt="photo" title="Anah McMahon, L. Ac. adjusts one inch seirin acupuncture needles in the muscles around the spine of Mariah VanHorn to relieve lower back pain, Monday, Sept. 24, 2007, at the Pacific College of Oriental Medicine in Chicago. Researchers at Ruhr University Bochum in Bochum, Germany, found that both real and fake acupuncture perform much better than conventional care for low back pain relief. (AP Photo/M. Spencer Green)" border="0"/>&#60;/a>&#60;/p>&#60;br clear="all"/></media:text>
<media:credit role="publishing company">(AP)</media:credit>
</item>
<item>
<title>Runoff blamed for jump in deformed frogs 
    (AP)
</title>
 <link>http://us.rd.yahoo.com/dailynews/rss/topstories/*http://news.yahoo.com/s/ap/20070925/ap_on_sc/deformed_frogs</link>
 <guid isPermaLink="false">ap/20070925/deformed_frogs</guid>
<pubDate>Tue, 25 Sep 2007 03:08:21 GMT</pubDate>
<description>&#60;p>&#60;a href="http://us.rd.yahoo.com/dailynews/rss/topstories/*http://news.yahoo.com/s/ap/20070925/ap_on_sc/deformed_frogs">&#60;img src="http://d.yimg.com/us.yimg.com/p/ap/20070924/capt.nyol91009242107.deformed_frogs_nyol910.jpg?x=130&amp;y=78&amp;sig=WUieoJm5iCk3eEGpoS4OjQ--" align="left" height="78" width="130" alt="This undated handout photo provided by the University of Colorado shows a deformed frog. The growing number of deformed frogs in recent years is caused at least partly by runoff from farming and ranching, new research indicates. (AP Photo/University of Colorado, Peiter Johnson)" border="0" />&#60;/a>AP - The growing number of deformed frogs in recent years is caused at least partly by runoff from farming and ranching, new research indicates.&#60;/p>&#60;br clear="all"/></description>
<media:content url="http://d.yimg.com/us.yimg.com/p/ap/20070924/capt.nyol91009242107.deformed_frogs_nyol910.jpg?x=130&amp;y=78&amp;sig=WUieoJm5iCk3eEGpoS4OjQ--" type="image/jpeg" height="78" width="130"/>
<media:text type="html">&#60;p>&#60;a href="http://us.rd.yahoo.com/dailynews/rss/topstories/*http://news.yahoo.com/s/ap/20070925/ap_on_sc/deformed_frogs">&#60;img src="http://d.yimg.com/us.yimg.com/p/ap/20070924/capt.nyol91009242107.deformed_frogs_nyol910.jpg?x=130&amp;y=78&amp;sig=WUieoJm5iCk3eEGpoS4OjQ--" align="left" height="78" width="130" alt="photo" title="This undated handout photo provided by the University of Colorado shows a deformed frog. The growing number of deformed frogs in recent years is caused at least partly by runoff from farming and ranching, new research indicates. (AP Photo/University of Colorado, Peiter Johnson)" border="0"/>&#60;/a>&#60;/p>&#60;br clear="all"/></media:text>
<media:credit role="publishing company">(AP)</media:credit>
</item>
<item>
<title>Springsteen gives fans preview of tour 
    (AP)
</title>
 <link>http://us.rd.yahoo.com/dailynews/rss/topstories/*http://news.yahoo.com/s/ap/20070925/ap_on_en_mu/springsteen_rehearsals</link>
 <guid isPermaLink="false">ap/20070925/springsteen_rehearsals</guid>
<pubDate>Tue, 25 Sep 2007 03:07:27 GMT</pubDate>
<description>&#60;p>&#60;a href="http://us.rd.yahoo.com/dailynews/rss/topstories/*http://news.yahoo.com/s/ap/20070925/ap_on_en_mu/springsteen_rehearsals">&#60;img src="http://d.yimg.com/us.yimg.com/p/ap/20070925/capt.8b929fec151449f6a292cb826711743b.springsteen_rehearsals_njme105.jpg?x=130&amp;y=91&amp;sig=Fga3lCpwH48AUPXq0Az28g--" align="left" height="91" width="130" alt="Bruce Springsteen and wife Patti Scialfa play guitars together as Springsteen performs with the E Street Band at Asbury Park&#039;s Paramount Theater Monday, Sept. 24, 2007 in Asbury Park, N.J.  (AP Photo/Mel Evans)" border="0" />&#60;/a>AP - Bruce Springsteen was back in familiar territory with a rehearsal show Monday night in the city that has become known worldwide through his songs.&#60;/p>&#60;br clear="all"/></description>
<media:content url="http://d.yimg.com/us.yimg.com/p/ap/20070925/capt.8b929fec151449f6a292cb826711743b.springsteen_rehearsals_njme105.jpg?x=130&amp;y=91&amp;sig=Fga3lCpwH48AUPXq0Az28g--" type="image/jpeg" height="91" width="130"/>
<media:text type="html">&#60;p>&#60;a href="http://us.rd.yahoo.com/dailynews/rss/topstories/*http://news.yahoo.com/s/ap/20070925/ap_on_en_mu/springsteen_rehearsals">&#60;img src="http://d.yimg.com/us.yimg.com/p/ap/20070925/capt.8b929fec151449f6a292cb826711743b.springsteen_rehearsals_njme105.jpg?x=130&amp;y=91&amp;sig=Fga3lCpwH48AUPXq0Az28g--" align="left" height="91" width="130" alt="photo" title="Bruce Springsteen and wife Patti Scialfa play guitars together as Springsteen performs with the E Street Band at Asbury Park&#039;s Paramount Theater Monday, Sept. 24, 2007 in Asbury Park, N.J.  (AP Photo/Mel Evans)" border="0"/>&#60;/a>&#60;/p>&#60;br clear="all"/></media:text>
<media:credit role="publishing company">(AP)</media:credit>
</item>
<item>
<title>County prosecutor plans to indict Vick 
    (AP)
</title>
 <link>http://us.rd.yahoo.com/dailynews/rss/topstories/*http://news.yahoo.com/s/ap/20070925/ap_on_sp_fo_ne/fbn_vick_surry_county</link>
 <guid isPermaLink="false">ap/20070925/fbn_vick_surry_county</guid>
<pubDate>Tue, 25 Sep 2007 03:20:00 GMT</pubDate>
<description>&#60;p>&#60;a href="http://us.rd.yahoo.com/dailynews/rss/topstories/*http://news.yahoo.com/s/ap/20070925/ap_on_sp_fo_ne/fbn_vick_surry_county">&#60;img src="http://d.yimg.com/us.yimg.com/p/ap/20070925/capt.980fb46a4dd449668fa129cb9a6070fa.vick_surry_county_football_ny151.jpg?x=91&amp;y=130&amp;sig=8YFUHi1_ywJq0Q1_87GQ5Q--" align="left" height="130" width="91" alt="Atlanta Falcons football player Michael Vick leaves federal court after pleading guilty to a dogfighting charge in Richmond, Va., in this Aug. 27, 2007 file photo. The prosecutor in the rural county where Vick has admitted to bankrolling a dogfighting operation plans to present &#039;a host of bills of indictment&#039; regarding the case to a grand jury on Tuesday, Sept. 25, 2007. (AP Photo/Steve Helber, Pool)" border="0" />&#60;/a>AP - The prosecutor in the rural county where Atlanta Falcons quarterback Michael Vick has admitted to bankrolling a dogfighting operation plans to present &quot;a host of bills of indictment&quot; regarding the case to a grand jury on Tuesday.&#60;/p>&#60;br clear="all"/></description>
<media:content url="http://d.yimg.com/us.yimg.com/p/ap/20070925/capt.980fb46a4dd449668fa129cb9a6070fa.vick_surry_county_football_ny151.jpg?x=91&amp;y=130&amp;sig=8YFUHi1_ywJq0Q1_87GQ5Q--" type="image/jpeg" height="130" width="91"/>
<media:text type="html">&#60;p>&#60;a href="http://us.rd.yahoo.com/dailynews/rss/topstories/*http://news.yahoo.com/s/ap/20070925/ap_on_sp_fo_ne/fbn_vick_surry_county">&#60;img src="http://d.yimg.com/us.yimg.com/p/ap/20070925/capt.980fb46a4dd449668fa129cb9a6070fa.vick_surry_county_football_ny151.jpg?x=91&amp;y=130&amp;sig=8YFUHi1_ywJq0Q1_87GQ5Q--" align="left" height="130" width="91" alt="photo" title="Atlanta Falcons football player Michael Vick leaves federal court after pleading guilty to a dogfighting charge in Richmond, Va., in this Aug. 27, 2007 file photo. The prosecutor in the rural county where Vick has admitted to bankrolling a dogfighting operation plans to present &#039;a host of bills of indictment&#039; regarding the case to a grand jury on Tuesday, Sept. 25, 2007. (AP Photo/Steve Helber, Pool)" border="0"/>&#60;/a>&#60;/p>&#60;br clear="all"/></media:text>
<media:credit role="publishing company">(AP)</media:credit>
</item>
<item>
<title>Iranian president spars with academics in NY 
    (Reuters)
</title>
 <link>http://us.rd.yahoo.com/dailynews/rss/topstories/*http://news.yahoo.com/s/nm/20070925/ts_nm/iran_ahmadinejad_dc</link>
 <guid isPermaLink="false">nm/20070925/iran_ahmadinejad_dc</guid>
<pubDate>Tue, 25 Sep 2007 01:14:30 GMT</pubDate>
<description>&#60;p>&#60;a href="http://us.rd.yahoo.com/dailynews/rss/topstories/*http://news.yahoo.com/s/nm/20070925/ts_nm/iran_ahmadinejad_dc">&#60;img src="http://d.yimg.com/us.yimg.com/p/nm/20070925/2007_09_24t154752_450x312_us_iran_ahmadinejad.jpg?x=130&amp;y=90&amp;sig=mrvFxy6yFx0sdSZDaxLUDQ--" align="left" height="90" width="130" alt="Iran&#039;s President Mahmoud Ahmadinejad speaks at Columbia University in New York, September 24, 2007. (Shannon Stapleton/Reuters)" border="0" />&#60;/a>Reuters - Iranian President Mahmoud Ahmadinejad 
clashed with an American university president who called him a 
&amp;quot;petty and cruel dictator&amp;quot; at a forum on Monday where 
Ahmadinejad criticized Israel and the United States and said 
Iran was a peaceful nation.&#60;/p>&#60;br clear="all"/></description>
<media:content url="http://d.yimg.com/us.yimg.com/p/nm/20070925/2007_09_24t154752_450x312_us_iran_ahmadinejad.jpg?x=130&amp;y=90&amp;sig=mrvFxy6yFx0sdSZDaxLUDQ--" type="image/jpeg" height="90" width="130"/>
<media:text type="html">&#60;p>&#60;a href="http://us.rd.yahoo.com/dailynews/rss/topstories/*http://news.yahoo.com/s/nm/20070925/ts_nm/iran_ahmadinejad_dc">&#60;img src="http://d.yimg.com/us.yimg.com/p/nm/20070925/2007_09_24t154752_450x312_us_iran_ahmadinejad.jpg?x=130&amp;y=90&amp;sig=mrvFxy6yFx0sdSZDaxLUDQ--" align="left" height="90" width="130" alt="photo" title="Iran&#039;s President Mahmoud Ahmadinejad speaks at Columbia University in New York, September 24, 2007. (Shannon Stapleton/Reuters)" border="0"/>&#60;/a>&#60;/p>&#60;br clear="all"/></media:text>
<media:credit role="publishing company">(Reuters)</media:credit>
</item>
<item>
<title>UAW strikes GM as talks fail to produce a deal 
    (Reuters)
</title>
 <link>http://us.rd.yahoo.com/dailynews/rss/topstories/*http://news.yahoo.com/s/nm/20070925/bs_nm/gm_dc</link>
 <guid isPermaLink="false">nm/20070925/gm_dc</guid>
<pubDate>Tue, 25 Sep 2007 01:12:48 GMT</pubDate>
<description>&#60;p>&#60;a href="http://us.rd.yahoo.com/dailynews/rss/topstories/*http://news.yahoo.com/s/nm/20070925/bs_nm/gm_dc">&#60;img src="http://d.yimg.com/us.yimg.com/p/nm/20070925/2007_09_24t163231_450x338_us_gm.jpg?x=130&amp;y=97&amp;sig=xJdsvz7ZMe0vbVEfnl62lQ--" align="left" height="97" width="130" alt="United Auto Workers (UAW) union members Raymond Guess (L) and Don Mcgilton picket outside the General Motors Powertrain plant in Warren, Michigan September 24, 2007. (Rebecca Cook/Reuters)" border="0" />&#60;/a>Reuters - The United Auto Workers union on Monday 
called the first national strike against General Motors 
Corp since 1970 after contract talks stalled, sending 
more than 73,000 factory workers to picket lines.&#60;/p>&#60;br clear="all"/></description>
<media:content url="http://d.yimg.com/us.yimg.com/p/nm/20070925/2007_09_24t163231_450x338_us_gm.jpg?x=130&amp;y=97&amp;sig=xJdsvz7ZMe0vbVEfnl62lQ--" type="image/jpeg" height="97" width="130"/>
<media:text type="html">&#60;p>&#60;a href="http://us.rd.yahoo.com/dailynews/rss/topstories/*http://news.yahoo.com/s/nm/20070925/bs_nm/gm_dc">&#60;img src="http://d.yimg.com/us.yimg.com/p/nm/20070925/2007_09_24t163231_450x338_us_gm.jpg?x=130&amp;y=97&amp;sig=xJdsvz7ZMe0vbVEfnl62lQ--" align="left" height="97" width="130" alt="photo" title="United Auto Workers (UAW) union members Raymond Guess (L) and Don Mcgilton picket outside the General Motors Powertrain plant in Warren, Michigan September 24, 2007. (Rebecca Cook/Reuters)" border="0"/>&#60;/a>&#60;/p>&#60;br clear="all"/></media:text>
<media:credit role="publishing company">(Reuters)</media:credit>
</item>
<item>
<title>U.S. navy helicopter crashes in Guam, 1 dead 
    (Reuters)
</title>
 <link>http://us.rd.yahoo.com/dailynews/rss/topstories/*http://news.yahoo.com/s/nm/20070925/ts_nm/guam_helicopter_crash_dc</link>
 <guid isPermaLink="false">nm/20070925/guam_helicopter_crash_dc</guid>
<pubDate>Tue, 25 Sep 2007 02:12:44 GMT</pubDate>
<description>Reuters - A U.S. navy MH60 helicopter 
crashed into a lake on the Pacific island of Guam, killing one 
crew member, the military said on Tuesday.</description>
</item>
<item>
<title>Myanmar anti-junta protests biggest in 20 years 
    (Reuters)
</title>
 <link>http://us.rd.yahoo.com/dailynews/rss/topstories/*http://news.yahoo.com/s/nm/20070924/ts_nm/myanmar_dc</link>
 <guid isPermaLink="false">nm/20070924/myanmar_dc</guid>
<pubDate>Mon, 24 Sep 2007 22:22:21 GMT</pubDate>
<description>&#60;p>&#60;a href="http://us.rd.yahoo.com/dailynews/rss/topstories/*http://news.yahoo.com/s/nm/20070924/ts_nm/myanmar_dc">&#60;img src="http://d.yimg.com/us.yimg.com/p/nm/20070925/2007_09_23t102741_450x284_us_myanmar.jpg?x=130&amp;y=82&amp;sig=_Zu2g6Y4uOv0EOEfgKaQTQ--" align="left" height="82" width="130" alt="Monks pray at the Shwedagon Pagoda, the holiest shrine in Myanmar, before joining in an anti-government march to the city center of Yangon, September 23, 2007. (Stringer/Reuters)" border="0" />&#60;/a>Reuters - Tens of thousands of people joined 
Buddhist monks on marches in Myanmar&amp;#39;s former capital on Monday 
in the biggest demonstration against the ruling generals since 
they crushed student-led protests nearly 20 years ago.&#60;/p>&#60;br clear="all"/></description>
<media:content url="http://d.yimg.com/us.yimg.com/p/nm/20070925/2007_09_23t102741_450x284_us_myanmar.jpg?x=130&amp;y=82&amp;sig=_Zu2g6Y4uOv0EOEfgKaQTQ--" type="image/jpeg" height="82" width="130"/>
<media:text type="html">&#60;p>&#60;a href="http://us.rd.yahoo.com/dailynews/rss/topstories/*http://news.yahoo.com/s/nm/20070924/ts_nm/myanmar_dc">&#60;img src="http://d.yimg.com/us.yimg.com/p/nm/20070925/2007_09_23t102741_450x284_us_myanmar.jpg?x=130&amp;y=82&amp;sig=_Zu2g6Y4uOv0EOEfgKaQTQ--" align="left" height="82" width="130" alt="photo" title="Monks pray at the Shwedagon Pagoda, the holiest shrine in Myanmar, before joining in an anti-government march to the city center of Yangon, September 23, 2007. (Stringer/Reuters)" border="0"/>&#60;/a>&#60;/p>&#60;br clear="all"/></media:text>
<media:credit role="publishing company">(Reuters)</media:credit>
</item>
<item>
<title>Israeli police to investigate Olmert house purchase 
    (Reuters)
</title>
 <link>http://us.rd.yahoo.com/dailynews/rss/topstories/*http://news.yahoo.com/s/nm/20070925/ts_nm/israel_olmert_dc</link>
 <guid isPermaLink="false">nm/20070925/israel_olmert_dc</guid>
<pubDate>Tue, 25 Sep 2007 00:52:36 GMT</pubDate>
<description>&#60;p>&#60;a href="http://us.rd.yahoo.com/dailynews/rss/topstories/*http://news.yahoo.com/s/nm/20070925/ts_nm/israel_olmert_dc">&#60;img src="http://d.yimg.com/us.yimg.com/p/nm/20070925/2007_09_24t155534_328x450_us_israel_olmert.jpg?x=94&amp;y=130&amp;sig=wQEBYUXY3n0BibIWwliMSg--" align="left" height="130" width="94" alt="Israel&#039;s Prime Minister Ehud Olmert attends the Foreign affairs and defence committee meeting in Jerusalem September 24, 2007. (Yonathan Weitzman/Reuters)" border="0" />&#60;/a>Reuters - Israel&amp;#39;s attorney-general ordered 
police on Monday to open a criminal investigation into Prime 
Minister Ehud Olmert&amp;#39;s purchase of a home in Jerusalem.&#60;/p>&#60;br clear="all"/></description>
<media:content url="http://d.yimg.com/us.yimg.com/p/nm/20070925/2007_09_24t155534_328x450_us_israel_olmert.jpg?x=94&amp;y=130&amp;sig=wQEBYUXY3n0BibIWwliMSg--" type="image/jpeg" height="130" width="94"/>
<media:text type="html">&#60;p>&#60;a href="http://us.rd.yahoo.com/dailynews/rss/topstories/*http://news.yahoo.com/s/nm/20070925/ts_nm/israel_olmert_dc">&#60;img src="http://d.yimg.com/us.yimg.com/p/nm/20070925/2007_09_24t155534_328x450_us_israel_olmert.jpg?x=94&amp;y=130&amp;sig=wQEBYUXY3n0BibIWwliMSg--" align="left" height="130" width="94" alt="photo" title="Israel&#039;s Prime Minister Ehud Olmert attends the Foreign affairs and defence committee meeting in Jerusalem September 24, 2007. (Yonathan Weitzman/Reuters)" border="0"/>&#60;/a>&#60;/p>&#60;br clear="all"/></media:text>
<media:credit role="publishing company">(Reuters)</media:credit>
</item>
<item>
<title>Rice sees no U.S.-Iran talks on Iraq soon 
    (Reuters)
</title>
 <link>http://us.rd.yahoo.com/dailynews/rss/topstories/*http://news.yahoo.com/s/nm/20070924/ts_nm/iraq_iran_rice_dc</link>
 <guid isPermaLink="false">nm/20070924/iraq_iran_rice_dc</guid>
<pubDate>Mon, 24 Sep 2007 20:49:44 GMT</pubDate>
<description>&#60;p>&#60;a href="http://us.rd.yahoo.com/dailynews/rss/topstories/*http://news.yahoo.com/s/nm/20070924/ts_nm/iraq_iran_rice_dc">&#60;img src="http://d.yimg.com/us.yimg.com/p/nm/20070925/2007_09_24t181109_450x331_us_iraq_iran_rice.jpg?x=130&amp;y=95&amp;sig=eI7APdCj.wfM0RjcI_bMFw--" align="left" height="95" width="130" alt="Secretary of State Condoleezza Rice talks during an interview with Reuters in New York, September 24, 2007. (Brendan McDermid/Reuters)" border="0" />&#60;/a>Reuters - The United States does not plan fresh 
U.S.-Iranian talks on how to stabilize Iraq any time soon but 
will leave open the possibility for such discussions, U.S. 
Secretary of State Condoleezza Rice said on Monday.&#60;/p>&#60;br clear="all"/></description>
<media:content url="http://d.yimg.com/us.yimg.com/p/nm/20070925/2007_09_24t181109_450x331_us_iraq_iran_rice.jpg?x=130&amp;y=95&amp;sig=eI7APdCj.wfM0RjcI_bMFw--" type="image/jpeg" height="95" width="130"/>
<media:text type="html">&#60;p>&#60;a href="http://us.rd.yahoo.com/dailynews/rss/topstories/*http://news.yahoo.com/s/nm/20070924/ts_nm/iraq_iran_rice_dc">&#60;img src="http://d.yimg.com/us.yimg.com/p/nm/20070925/2007_09_24t181109_450x331_us_iraq_iran_rice.jpg?x=130&amp;y=95&amp;sig=eI7APdCj.wfM0RjcI_bMFw--" align="left" height="95" width="130" alt="photo" title="Secretary of State Condoleezza Rice talks during an interview with Reuters in New York, September 24, 2007. (Brendan McDermid/Reuters)" border="0"/>&#60;/a>&#60;/p>&#60;br clear="all"/></media:text>
<media:credit role="publishing company">(Reuters)</media:credit>
</item>
<item>
<title>Bush seeks momentum for Mideast peace conference 
    (Reuters)
</title>
 <link>http://us.rd.yahoo.com/dailynews/rss/topstories/*http://news.yahoo.com/s/nm/20070924/ts_nm/bush_mideast_dc</link>
 <guid isPermaLink="false">nm/20070924/bush_mideast_dc</guid>
<pubDate>Mon, 24 Sep 2007 22:48:52 GMT</pubDate>
<description>&#60;p>&#60;a href="http://us.rd.yahoo.com/dailynews/rss/topstories/*http://news.yahoo.com/s/nm/20070924/ts_nm/bush_mideast_dc">&#60;img src="http://d.yimg.com/us.yimg.com/p/nm/20070925/2007_09_24t184755_450x341_us_bush_mideast.jpg?x=130&amp;y=98&amp;sig=shWEM_psmbj1rMekrQEe3w--" align="left" height="98" width="130" alt="President Bush sits next to Palestinian Authority President Mahmoud Abbas at the Waldorf Astoria Hotel in New York, September 24, 2007. (Larry Downing/Reuters)" border="0" />&#60;/a>Reuters - President George W. Bush held talks 
with Palestinian President Mahmoud Abbas and Middle East envoy 
Tony Blair on Monday seeking to build momentum for a 
Israeli-Palestinian peace conference.&#60;/p>&#60;br clear="all"/></description>
<media:content url="http://d.yimg.com/us.yimg.com/p/nm/20070925/2007_09_24t184755_450x341_us_bush_mideast.jpg?x=130&amp;y=98&amp;sig=shWEM_psmbj1rMekrQEe3w--" type="image/jpeg" height="98" width="130"/>
<media:text type="html">&#60;p>&#60;a href="http://us.rd.yahoo.com/dailynews/rss/topstories/*http://news.yahoo.com/s/nm/20070924/ts_nm/bush_mideast_dc">&#60;img src="http://d.yimg.com/us.yimg.com/p/nm/20070925/2007_09_24t184755_450x341_us_bush_mideast.jpg?x=130&amp;y=98&amp;sig=shWEM_psmbj1rMekrQEe3w--" align="left" height="98" width="130" alt="photo" title="President Bush sits next to Palestinian Authority President Mahmoud Abbas at the Waldorf Astoria Hotel in New York, September 24, 2007. (Larry Downing/Reuters)" border="0"/>&#60;/a>&#60;/p>&#60;br clear="all"/></media:text>
<media:credit role="publishing company">(Reuters)</media:credit>
</item>
<item>
<title>U.N. chief sees major commitment to climate change 
    (Reuters)
</title>
 <link>http://us.rd.yahoo.com/dailynews/rss/topstories/*http://news.yahoo.com/s/nm/20070925/ts_nm/climate_un_dc</link>
 <guid isPermaLink="false">nm/20070925/climate_un_dc</guid>
<pubDate>Tue, 25 Sep 2007 01:11:02 GMT</pubDate>
<description>&#60;p>&#60;a href="http://us.rd.yahoo.com/dailynews/rss/topstories/*http://news.yahoo.com/s/nm/20070925/ts_nm/climate_un_dc">&#60;img src="http://d.yimg.com/us.yimg.com/p/nm/20070925/2007_09_24t122721_295x450_us_climate_un.jpg?x=85&amp;y=130&amp;sig=p3Ckn6DLoLwH7fyvl1N0JA--" align="left" height="130" width="85" alt="U.N. Secretary General Ban Ki-moon (top) applauds as Gov. Arnold Schwarzenegger of California arrives to address the United Nations High-level Event on Climate Change at the United Nations General Assembly, in New York, September 24, 2007. (Chip East/Reuters)" border="0" />&#60;/a>Reuters - U.N. Secretary-General Ban 
Ki-moon said a one-day high-level meeting on climate change on 
Monday was a turning point in the battle against global 
warming.&#60;/p>&#60;br clear="all"/></description>
<media:content url="http://d.yimg.com/us.yimg.com/p/nm/20070925/2007_09_24t122721_295x450_us_climate_un.jpg?x=85&amp;y=130&amp;sig=p3Ckn6DLoLwH7fyvl1N0JA--" type="image/jpeg" height="130" width="85"/>
<media:text type="html">&#60;p>&#60;a href="http://us.rd.yahoo.com/dailynews/rss/topstories/*http://news.yahoo.com/s/nm/20070925/ts_nm/climate_un_dc">&#60;img src="http://d.yimg.com/us.yimg.com/p/nm/20070925/2007_09_24t122721_295x450_us_climate_un.jpg?x=85&amp;y=130&amp;sig=p3Ckn6DLoLwH7fyvl1N0JA--" align="left" height="130" width="85" alt="photo" title="U.N. Secretary General Ban Ki-moon (top) applauds as Gov. Arnold Schwarzenegger of California arrives to address the United Nations High-level Event on Climate Change at the United Nations General Assembly, in New York, September 24, 2007. (Chip East/Reuters)" border="0"/>&#60;/a>&#60;/p>&#60;br clear="all"/></media:text>
<media:credit role="publishing company">(Reuters)</media:credit>
</item>
<item>
<title>More than 100,000 protest in Myanmar 
    (AFP)
</title>
 <link>http://us.rd.yahoo.com/dailynews/rss/topstories/*http://news.yahoo.com/s/afp/20070924/wl_asia_afp/myanmarprotestmonks</link>
 <guid isPermaLink="false">afp/20070924/myanmarprotestmonks</guid>
<pubDate>Mon, 24 Sep 2007 16:57:36 GMT</pubDate>
<description>&#60;p>&#60;a href="http://us.rd.yahoo.com/dailynews/rss/topstories/*http://news.yahoo.com/s/afp/20070924/wl_asia_afp/myanmarprotestmonks">&#60;img src="http://d.yimg.com/us.yimg.com/p/afp/20070924/capt.sge.csa68.240907165230.photo04.photo.default-512x410.jpg?x=130&amp;y=104&amp;sig=yMGeLPm.KTszPlzyKcdSyg--" align="left" height="104" width="130" alt="(AFPTV)" border="0" />&#60;/a>AFP - More than 100,000 people flooded the streets of Myanmar&amp;#39;s biggest city Monday, joining Buddhist monks in the strongest show of dissent against the ruling generals in nearly two decades.&#60;/p>&#60;br clear="all"/></description>
<media:content url="http://d.yimg.com/us.yimg.com/p/afp/20070924/capt.sge.csa68.240907165230.photo04.photo.default-512x410.jpg?x=130&amp;y=104&amp;sig=yMGeLPm.KTszPlzyKcdSyg--" type="image/jpeg" height="104" width="130"/>
<media:text type="html">&#60;p>&#60;a href="http://us.rd.yahoo.com/dailynews/rss/topstories/*http://news.yahoo.com/s/afp/20070924/wl_asia_afp/myanmarprotestmonks">&#60;img src="http://d.yimg.com/us.yimg.com/p/afp/20070924/capt.sge.csa68.240907165230.photo04.photo.default-512x410.jpg?x=130&amp;y=104&amp;sig=yMGeLPm.KTszPlzyKcdSyg--" align="left" height="104" width="130" alt="photo" title="(AFPTV)" border="0"/>&#60;/a>&#60;/p>&#60;br clear="all"/></media:text>
<media:credit role="publishing company">(AFP)</media:credit>
</item>
<item>
<title>Ahmadinejad suffers rare public dressing down on US visit 
    (AFP)
</title>
 <link>http://us.rd.yahoo.com/dailynews/rss/topstories/*http://news.yahoo.com/s/afp/20070925/wl_afp/undiplomacyusiran</link>
 <guid isPermaLink="false">afp/20070925/undiplomacyusiran</guid>
<pubDate>Tue, 25 Sep 2007 02:24:34 GMT</pubDate>
<description>&#60;p>&#60;a href="http://us.rd.yahoo.com/dailynews/rss/topstories/*http://news.yahoo.com/s/afp/20070925/wl_afp/undiplomacyusiran">&#60;img src="http://d.yimg.com/us.yimg.com/p/afp/20070925/capt.sge.cur00.250907022318.photo00.photo.default-512x341.jpg?x=130&amp;y=86&amp;sig=w4ockCIxYfYULTV58Czegg--" align="left" height="86" width="130" alt="Iran&amp;#39;s President Mahmoud Ahmadinejad speaks at Columbia University in New York City.  Ahmadinejad was treated to a humiliating and public dressing down when he appeared at a top US university Monday, where he was described as a &amp;quot;petty and cruel dictator.&amp;quot;(AFP/Pool/Shannon Stapleton)" border="0" />&#60;/a>AFP - Iranian President Mahmoud Ahmadinejad suffered the rare humiliation of a public dressing down when he appeared at a top US university Monday, where he was labelled a &amp;quot;petty and cruel dictator.&amp;quot;&#60;/p>&#60;br clear="all"/></description>
<media:content url="http://d.yimg.com/us.yimg.com/p/afp/20070925/capt.sge.cur00.250907022318.photo00.photo.default-512x341.jpg?x=130&amp;y=86&amp;sig=w4ockCIxYfYULTV58Czegg--" type="image/jpeg" height="86" width="130"/>
<media:text type="html">&#60;p>&#60;a href="http://us.rd.yahoo.com/dailynews/rss/topstories/*http://news.yahoo.com/s/afp/20070925/wl_afp/undiplomacyusiran">&#60;img src="http://d.yimg.com/us.yimg.com/p/afp/20070925/capt.sge.cur00.250907022318.photo00.photo.default-512x341.jpg?x=130&amp;y=86&amp;sig=w4ockCIxYfYULTV58Czegg--" align="left" height="86" width="130" alt="photo" title="Iran&amp;#39;s President Mahmoud Ahmadinejad speaks at Columbia University in New York City.  Ahmadinejad was treated to a humiliating and public dressing down when he appeared at a top US university Monday, where he was described as a &amp;quot;petty and cruel dictator.&amp;quot;(AFP/Pool/Shannon Stapleton)" border="0"/>&#60;/a>&#60;/p>&#60;br clear="all"/></media:text>
<media:credit role="publishing company">(AFP)</media:credit>
</item>
</channel>
</rss>
<!-- server fe35.news.mud.yahoo.com --><!-- fe35.news.mud.yahoo.com compressed/chunked Mon Sep 24 20:27:11 PDT 2007 -->
