<?xml version="1.0" encoding="UTF-8"?>
<collage version="1.1">
  <preferences>
    <screen height="768.0" width="1024.0" size="1"/>
  </preferences>
  <site_set>
    <site domain="localhost" strokeHue="0.75" fontIndex="1"/>
  </site_set>
  <traversable_set>
    <traversable urlString="http://www.cnn.com/2003/ALLPOLITICS/10/07/recall.main"/>
  </traversable_set>
  <term_set/>
  <container_set>
    <container url="http://localhost/" generation="2">
      <content_element>
        <participant/>
      </content_element>
    </container>
  </container_set>
  <collage_element_set>
    <collage_element containerURL="http://localhost/" historyNum="1">
      <media_element>
        <content_element bias="2.7182817">
          <participant/>
        </content_element>
        <image_element url="http://www.csdl.tamu.edu/%7Emarshall/sally.jpg"/>
      </media_element>
      <visual>
        <extent x="12" y="438" width="151" height="211"/>
      </visual>
    </collage_element>
    <collage_element containerURL="http://localhost/">
      <media_element>
        <content_element bias="2.7182817">
          <participant/>
        </content_element>
        <text_element faceIndex="1" participantCreated="true">
          <text_chunk sameHref="true" nonStopIndex="0.0">
            <text_token string="cathy"/>
            <text_token string="marshall"/>
          </text_chunk>
        </text_element>
      </media_element>
      <visual>
        <extent x="30" y="599" width="259" height="37"/>
      </visual>
    </collage_element>
    <collage_element containerURL="http://localhost/" historyNum="3">
      <media_element>
        <content_element bias="2.7182817">
          <participant/>
        </content_element>
        <image_element url="http://www.csdl.tamu.edu/%7Eshipman/shipman2.jpg"/>
      </media_element>
      <visual>
        <extent x="11" y="10" width="148" height="174"/>
      </visual>
    </collage_element>
    <collage_element containerURL="http://localhost/">
      <media_element>
        <content_element bias="2.7182817">
          <participant/>
        </content_element>
        <text_element faceIndex="1" participantCreated="true">
          <text_chunk sameHref="true" nonStopIndex="0.0">
            <text_token string="frank"/>
            <text_token string="shipman"/>
          </text_chunk>
        </text_element>
      </media_element>
      <visual>
        <extent x="140" y="17" width="226" height="43"/>
      </visual>
    </collage_element>
    <collage_element containerURL="http://localhost/" historyNum="5">
      <media_element>
        <content_element bias="2.7182817">
          <participant/>
        </content_element>
        <image_element url="http://research.microsoft.com/users/marycz/defaul1.jpg"/>
      </media_element>
      <visual>
        <extent x="333" y="81" width="163" height="173"/>
      </visual>
    </collage_element>
    <collage_element containerURL="http://localhost/">
      <media_element>
        <content_element bias="2.7182817">
          <participant/>
        </content_element>
        <text_element faceIndex="1" participantCreated="true">
          <text_chunk sameHref="true" nonStopIndex="0.0">
            <text_token string="mary"/>
            <text_token string="czerwinski"/>
          </text_chunk>
        </text_element>
      </media_element>
      <visual>
        <extent x="146" y="218" width="210" height="31"/>
      </visual>
    </collage_element>
    <collage_element containerURL="http://localhost/" historyNum="7">
      <media_element>
        <content_element bias="2.7182817">
          <participant/>
        </content_element>
        <image_element url="http://hci-journal.com/moran/photo-small.gif"/>
      </media_element>
      <visual>
        <extent x="323" y="435" width="111" height="128"/>
      </visual>
    </collage_element>
    <collage_element containerURL="http://localhost/">
      <media_element>
        <content_element bias="2.7182817">
          <participant/>
        </content_element>
        <text_element faceIndex="1" participantCreated="true">
          <text_chunk sameHref="true" nonStopIndex="0.0">
            <text_token string="thomas"/>
            <text_token string="moran"/>
          </text_chunk>
        </text_element>
      </media_element>
      <visual>
        <extent x="270" y="557" width="210" height="43"/>
      </visual>
    </collage_element>
    <collage_element containerURL="http://localhost/">
      <media_element>
        <content_element bias="2.7182817">
          <participant/>
        </content_element>
        <text_element faceIndex="1" participantCreated="true">
          <text_chunk sameHref="true" nonStopIndex="0.0">
            <text_token string="chaomei"/>
            <text_token string="chen"/>
          </text_chunk>
        </text_element>
      </media_element>
      <visual>
        <extent x="12" y="277" width="229" height="43"/>
      </visual>
    </collage_element>
    <collage_element containerURL="http://localhost/">
      <media_element>
        <content_element bias="2.7182817">
          <participant/>
        </content_element>
        <text_element faceIndex="1" participantCreated="true">
          <text_chunk sameHref="true" nonStopIndex="0.0">
            <text_token string="mark"/>
            <text_token string="lemere"/>
          </text_chunk>
        </text_element>
      </media_element>
      <visual>
        <extent x="14" y="333" width="250" height="40"/>
      </visual>
    </collage_element>
  </collage_element_set>
</collage>
