<?xml version="1.0" encoding="UTF-8"?>
<collage version="1.1">
  <preferences>
    <screen height="1050.0" width="1400.0" size="1"/>
  </preferences>
  <site_set>
    <site domain="localhost" strokeHue="0.083333336" fontIndex="2"/>
  </site_set>
  <traversable_set>
    <traversable urlString="http://www.pages.drexel.edu/~cc345/"/>
    <traversable urlString="http://www.pages.drexel.edu/~cc345/papers/"/>
    <traversable urlString="http://www.informatik.uni-trier.de/~ley/db/indices/a-tree/c"/>
    <traversable urlString="http://www.allbookstores.com/browse/Author/Chen,%20Chaomei/"/>
    <traversable urlString="http://www.cis.drexel.edu/ist-online/features/winter03"/>
    <traversable urlString="http://citeseer.nj.nec.com/cs"/>
    <traversable urlString="http://citeseer.nj.nec.com"/>
    <traversable urlString="http://hpsearch.uni-trier.de/hp/a-tree/c"/>
    <traversable urlString="http://www-users.cs.york.ac.uk/~susan/bib/nf/c"/>
    <traversable urlString="http://www.pages.drexel.edu/%7Ecc345/book"/>
    <traversable urlString="http://www.pages.drexel.edu/%7Ecc345/papers"/>
    <traversable urlString="http://www.drexel.edu/"/>
  </traversable_set>
  <term_set>
    <term stemmed="chen" intensity="3"/>
    <term stemmed="chaomei" intensity="3"/>
  </term_set>
  <container_set>
    <container url="http://localhost/" generation="2">
      <content_element>
        <participant/>
      </content_element>
    </container>
  </container_set>
  <collage_element_set>
    <collage_element containerURL="http://localhost/" historyNum="1">
      <media_element>
        <content_element bias="2.7182817">
          <participant/>
        </content_element>
        <image_element url="http://www.pages.drexel.edu/%7Ecc345/infovis.jpg" href="http://www.pages.drexel.edu/%7Ecc345/book/infovis99.htm"/>
      </media_element>
      <visual>
        <extent x="10" y="10" width="288" height="205"/>
      </visual>
    </collage_element>
    <collage_element containerURL="http://localhost/" historyNum="2">
      <media_element>
        <content_element bias="2.7182817">
          <participant/>
        </content_element>
        <image_element url="http://www.pages.drexel.edu/%7Ecc345/figure6.jpg" href="http://www.pages.drexel.edu/%7Ecc345/papers/computer.html"/>
      </media_element>
      <visual>
        <extent x="291" y="553" width="393" height="378"/>
      </visual>
    </collage_element>
    <collage_element containerURL="http://localhost/" historyNum="3">
      <media_element>
        <content_element bias="2.7182817">
          <participant/>
        </content_element>
        <text_element faceIndex="2" HTMLFragmentCreated="true">
          <text_chunk doUnderline="true" sameHref="true" commonHref="http://www.pages.drexel.edu/%7Ecc345/book/infovis99.htm" nonStopIndex="0.8">
            <text_token string="Information"/>
            <text_token string="Visualisation"/>
            <text_token string="and"/>
            <text_token string="Virtual"/>
            <text_token string="Environments"/>
          </text_chunk>
        </text_element>
      </media_element>
      <visual>
        <extent x="324" y="107" width="357" height="76"/>
      </visual>
    </collage_element>
    <collage_element containerURL="http://localhost/" historyNum="4">
      <media_element>
        <content_element bias="2.7182817">
          <participant/>
        </content_element>
        <text_element faceIndex="2" HTMLFragmentCreated="true">
          <text_chunk doUnderline="true" sameHref="true" nonStopIndex="0.71428573">
            <text_token string="Visualizing"/>
            <text_token string="a"/>
            <text_token string="knowledge"/>
            <text_token string="domain"/>
            <text_token string="s"/>
            <text_token string="intellectual"/>
            <text_token string="structure"/>
          </text_chunk>
        </text_element>
      </media_element>
      <visual>
        <extent x="10" y="818" width="522" height="68"/>
      </visual>
    </collage_element>
    <collage_element containerURL="http://localhost/" historyNum="5">
      <media_element>
        <content_element bias="2.7182817">
          <participant/>
        </content_element>
        <text_element faceIndex="2" HTMLFragmentCreated="true">
          <text_chunk doUnderline="true" sameHref="true" nonStopIndex="0.7">
            <text_token string="Fitting"/>
            <text_token string="the"/>
            <text_token string="jigsaw"/>
            <text_token string="of"/>
            <text_token string="citations:"/>
            <text_token string="Information"/>
            <text_token string="visualization"/>
            <text_token string="in"/>
            <text_token string="domain"/>
            <text_token string="analysis"/>
          </text_chunk>
        </text_element>
      </media_element>
      <visual>
        <extent x="11" y="721" width="542" height="66"/>
      </visual>
    </collage_element>
    <collage_element containerURL="http://localhost/" historyNum="6">
      <media_element>
        <content_element bias="2.7182817">
          <participant/>
        </content_element>
        <text_element faceIndex="2" HTMLFragmentCreated="true">
          <text_chunk doUnderline="true" sameHref="true" nonStopIndex="0.71428573">
            <text_token string="Individual"/>
            <text_token string="differences"/>
            <text_token string="in"/>
            <text_token string="a"/>
            <text_token string="spatial-semantic"/>
            <text_token string="virtual"/>
            <text_token string="environment"/>
          </text_chunk>
        </text_element>
      </media_element>
      <visual>
        <extent x="13" y="617" width="586" height="78"/>
      </visual>
    </collage_element>
    <collage_element containerURL="http://localhost/" historyNum="7">
      <media_element>
        <content_element bias="2.7182817">
          <participant/>
        </content_element>
        <text_element faceIndex="2" HTMLFragmentCreated="true">
          <text_chunk doUnderline="true" sameHref="true" nonStopIndex="0.85714287">
            <text_token string="Exploring"/>
            <text_token string="cognitive"/>
            <text_token string="issues"/>
            <text_token string="in"/>
            <text_token string="visual"/>
            <text_token string="information"/>
            <text_token string="retrieval."/>
          </text_chunk>
        </text_element>
      </media_element>
      <visual>
        <extent x="14" y="527" width="411" height="72"/>
      </visual>
    </collage_element>
    <collage_element containerURL="http://localhost/">
      <media_element>
        <content_element bias="2.0">
          <participant/>
        </content_element>
        <text_element faceIndex="2" participantCreated="true">
          <text_chunk sameHref="true" nonStopIndex="0.0">
            <text_token string="Individual"/>
            <text_token string="Differences"/>
            <text_token string="Empirical"/>
            <text_token string="Evaluation"/>
            <text_token string="of"/>
            <text_token string="Information"/>
            <text_token string="Visualization"/>
            <text_token string="Spatial-Semantic"/>
            <text_token string="Virtual"/>
            <text_token string="Environments"/>
            <text_token string="Hypertext"/>
            <text_token string="Collaborative"/>
            <text_token string="Writing"/>
          </text_chunk>
        </text_element>
      </media_element>
      <visual>
        <extent x="14" y="232" width="626" height="146"/>
      </visual>
    </collage_element>
    <collage_element containerURL="http://localhost/" historyNum="9">
      <media_element>
        <content_element bias="2.7182817">
          <participant/>
        </content_element>
        <image_element url="http://www.cis.drexel.edu/Drex.Logo.small.gif" href="http://www.drexel.edu/"/>
      </media_element>
      <visual>
        <extent x="555" y="276" width="112" height="132"/>
      </visual>
    </collage_element>
    <collage_element containerURL="http://localhost/" historyNum="10">
      <media_element>
        <content_element bias="2.7182817">
          <participant/>
        </content_element>
        <image_element url="http://www.cis.drexel.edu/banner.gif"/>
      </media_element>
      <visual>
        <extent x="16" y="393" width="375" height="117"/>
      </visual>
    </collage_element>
  </collage_element_set>
</collage>
