<?xml version="1.0" encoding="UTF-8"?>
<collage version="1.1">
  <preferences>
    <screen height="1050.0" width="1400.0" size="1"/>
  </preferences>
  <site_set>
    <site domain="tamu.edu" strokeHue="0.16666667" fontIndex="1"/>
    <site domain="localhost" strokeHue="0.41666666" fontIndex="2"/>
  </site_set>
  <traversable_set>
    <traversable urlString="http://www.csdl.tamu.edu/~marshall/"/>
    <traversable urlString="http://research.microsoft.com"/>
    <traversable urlString="http://www.acm.org/jcdl/"/>
  </traversable_set>
  <term_set/>
  <container_set>
    <container url="http://www.csdl.tamu.edu/~marshall/" generation="1">
      <content_element>
        <participant/>
      </content_element>
    </container>
    <container url="http://localhost/" generation="2">
      <content_element>
        <participant/>
      </content_element>
    </container>
  </container_set>
  <collage_element_set>
    <collage_element containerURL="http://www.csdl.tamu.edu/~marshall/" historyNum="1">
      <media_element>
        <content_element>
          <participant/>
        </content_element>
        <text_element faceIndex="1">
          <text_chunk doUnderline="true" sameHref="true" nonStopIndex="0.5714286">
            <text_token string="Center" italic="true"/>
            <text_token string="for" italic="true"/>
            <text_token string="the" italic="true"/>
            <text_token string="Study" italic="true"/>
            <text_token string="of" italic="true"/>
            <text_token string="Digital" italic="true"/>
            <text_token string="Libraries" italic="true"/>
          </text_chunk>
        </text_element>
      </media_element>
      <visual>
        <extent x="35" y="57" width="405" height="31"/>
      </visual>
    </collage_element>
    <collage_element containerURL="http://www.csdl.tamu.edu/~marshall/" historyNum="2">
      <media_element>
        <content_element>
          <participant/>
        </content_element>
        <image_element url="http://www.csdl.tamu.edu/~marshall/sally.jpg"/>
      </media_element>
      <visual>
        <extent x="432" y="384" width="241" height="330"/>
      </visual>
    </collage_element>
    <collage_element containerURL="http://localhost/" historyNum="3">
      <media_element>
        <content_element bias="2.7182817">
          <participant/>
        </content_element>
        <image_element url="http://research.microsoft.com/images/MSR_logo.gif" href="http://research.microsoft.com"/>
      </media_element>
      <visual>
        <extent x="11" y="150" width="265" height="56"/>
      </visual>
    </collage_element>
    <collage_element containerURL="http://localhost/">
      <media_element>
        <content_element bias="2.0">
          <participant/>
        </content_element>
        <text_element faceIndex="2" participantCreated="true">
          <text_chunk sameHref="true" nonStopIndex="0.0">
            <text_token string="annotation"/>
            <text_token string="e-books"/>
            <text_token string="spatial"/>
            <text_token string="hypertext"/>
            <text_token string="metadata"/>
            <text_token string="the"/>
            <text_token string="semantic"/>
            <text_token string="web"/>
            <text_token string="community-based"/>
            <text_token string="systems"/>
          </text_chunk>
        </text_element>
      </media_element>
      <visual>
        <extent x="102" y="629" width="395" height="216"/>
      </visual>
    </collage_element>
    <collage_element containerURL="http://localhost/" historyNum="5">
      <media_element>
        <content_element bias="2.7182817">
          <participant/>
        </content_element>
        <text_element faceIndex="2" HTMLFragmentCreated="true">
          <text_chunk doUnderline="true" sameHref="true" commonHref="http://www.acm.org/jcdl/" nonStopIndex="0.4">
            <text_token string="JCDL"/>
            <text_token string="2003"/>
            <text_token string="and"/>
            <text_token string="JCDL"/>
            <text_token string="2004"/>
          </text_chunk>
        </text_element>
      </media_element>
      <visual>
        <extent x="295" y="120" width="389" height="44"/>
      </visual>
    </collage_element>
    <collage_element containerURL="http://localhost/" historyNum="6">
      <media_element>
        <content_element bias="2.7182817">
          <participant/>
        </content_element>
        <text_element faceIndex="2" HTMLFragmentCreated="true">
          <text_chunk doUnderline="true" sameHref="true" nonStopIndex="0.45454547">
            <text_token string="Reading-in-the-Small:"/>
            <text_token string="a"/>
            <text_token string="study"/>
            <text_token string="of"/>
            <text_token string="reading"/>
            <text_token string="on"/>
            <text_token string="small"/>
            <text_token string="form"/>
            <text_token string="factor"/>
            <text_token string="devices"/>
            <text_token string="."/>
          </text_chunk>
        </text_element>
      </media_element>
      <visual>
        <extent x="32" y="314" width="442" height="58"/>
      </visual>
    </collage_element>
    <collage_element containerURL="http://localhost/" historyNum="7">
      <media_element>
        <content_element bias="2.7182817">
          <participant/>
        </content_element>
        <text_element faceIndex="2" HTMLFragmentCreated="true">
          <text_chunk doUnderline="true" sameHref="true" nonStopIndex="0.6">
            <text_token string="From"/>
            <text_token string="Personal"/>
            <text_token string="to"/>
            <text_token string="Shared"/>
            <text_token string="Annotations"/>
          </text_chunk>
        </text_element>
      </media_element>
      <visual>
        <extent x="30" y="397" width="333" height="62"/>
      </visual>
    </collage_element>
    <collage_element containerURL="http://localhost/" historyNum="8">
      <media_element>
        <content_element bias="2.7182817">
          <participant/>
        </content_element>
        <text_element faceIndex="2" HTMLFragmentCreated="true">
          <text_chunk doUnderline="true" sameHref="true" nonStopIndex="0.6">
            <text_token string="NoteCards"/>
            <text_token string="in"/>
            <text_token string="the"/>
            <text_token string="Age"/>
            <text_token string="of"/>
            <text_token string="the"/>
            <text_token string="Web:"/>
            <text_token string="Practice"/>
            <text_token string="meets"/>
            <text_token string="perfect"/>
          </text_chunk>
        </text_element>
      </media_element>
      <visual>
        <extent x="32" y="486" width="368" height="62"/>
      </visual>
    </collage_element>
    <collage_element containerURL="http://localhost/" historyNum="9">
      <media_element>
        <content_element bias="2.7182817">
          <participant/>
        </content_element>
        <image_element url="http://www.parc.xerox.com/images/parc-homebnr-left.jpg"/>
      </media_element>
      <visual>
        <extent x="328" y="179" width="305" height="103"/>
      </visual>
    </collage_element>
  </collage_element_set>
</collage>
