<?xml version="1.0" encoding="UTF-8"?>
<collage version="1.1">
  <preferences>
    <screen height="1050.0" width="1400.0" size="1"/>
  </preferences>
  <site_set>
    <site domain="localhost" strokeHue="0.083333336" fontIndex="2"/>
  </site_set>
  <traversable_set>
    <traversable urlString="http://research.microsoft.com/users/marycz/"/>
    <traversable urlString="http://research.microsoft.com/users/marycz"/>
    <traversable urlString="http://www.usabilityviews.com"/>
    <traversable urlString="http://www.informatik.uni-trier.de/~ley/db/indices/a-tree/c"/>
    <traversable urlString="http://www.acm.org/sigchi/chi98/closing"/>
    <traversable urlString="http://www.infovis.net/E-zine"/>
    <traversable urlString="http://hpsearch.uni-trier.de/hp/a-tree/c"/>
    <traversable urlString="http://www.gomagoma.com/plab"/>
    <traversable urlString="http://www.ocate.edu/lectures/lectures_03a"/>
    <traversable urlString="http://research.microsoft.com/research/vibe/"/>
    <traversable urlString="http://research.microsoft.com"/>
  </traversable_set>
  <term_set>
    <term stemmed="czerwinski" intensity="3"/>
    <term stemmed="mari" intensity="3"/>
  </term_set>
  <container_set>
    <container url="http://localhost/" generation="2">
      <content_element>
        <participant/>
      </content_element>
    </container>
  </container_set>
  <collage_element_set>
    <collage_element containerURL="http://localhost/" historyNum="1">
      <media_element>
        <content_element bias="2.7182817">
          <participant/>
        </content_element>
        <image_element url="http://research.microsoft.com/users/marycz/defaul1.jpg"/>
      </media_element>
      <visual>
        <extent x="18" y="595" width="285" height="320"/>
      </visual>
    </collage_element>
    <collage_element containerURL="http://localhost/" historyNum="3">
      <media_element>
        <content_element bias="2.7182817">
          <participant/>
        </content_element>
        <text_element faceIndex="2" HTMLFragmentCreated="true">
          <text_chunk doUnderline="true" sameHref="true" nonStopIndex="0.6666667">
            <text_token string="Large"/>
            <text_token string="displays"/>
            <text_token string="enhance"/>
            <text_token string="optical"/>
            <text_token string="flow"/>
            <text_token string="cues"/>
            <text_token string="and"/>
            <text_token string="close"/>
            <text_token string="the"/>
            <text_token string="gender"/>
            <text_token string="gap"/>
            <text_token string="in"/>
            <text_token string="3D"/>
            <text_token string="virtual"/>
            <text_token string="navigation"/>
          </text_chunk>
        </text_element>
      </media_element>
      <visual>
        <extent x="36" y="54" width="591" height="62"/>
      </visual>
    </collage_element>
    <collage_element containerURL="http://localhost/" historyNum="4">
      <media_element>
        <content_element bias="2.7182817">
          <participant/>
        </content_element>
        <text_element faceIndex="2" HTMLFragmentCreated="true">
          <text_chunk doUnderline="true" sameHref="true" nonStopIndex="0.6923077">
            <text_token string="Effects"/>
            <text_token string="of"/>
            <text_token string="visual"/>
            <text_token string="separation"/>
            <text_token string="and"/>
            <text_token string="physical"/>
            <text_token string="discontinuities"/>
            <text_token string="when"/>
            <text_token string="distributing"/>
            <text_token string="information"/>
            <text_token string="across"/>
            <text_token string="multiple"/>
            <text_token string="devices"/>
          </text_chunk>
        </text_element>
      </media_element>
      <visual>
        <extent x="38" y="138" width="578" height="92"/>
      </visual>
    </collage_element>
    <collage_element containerURL="http://localhost/" historyNum="5">
      <media_element>
        <content_element bias="2.7182817">
          <participant/>
        </content_element>
        <text_element faceIndex="2" HTMLFragmentCreated="true">
          <text_chunk doUnderline="true" sameHref="true" nonStopIndex="0.75">
            <text_token string="Introduction:"/>
            <text_token string="design"/>
            <text_token string="and"/>
            <text_token string="evaluation"/>
            <text_token string="of"/>
            <text_token string="notification"/>
            <text_token string="user"/>
            <text_token string="interfaces."/>
          </text_chunk>
        </text_element>
      </media_element>
      <visual>
        <extent x="39" y="247" width="536" height="64"/>
      </visual>
    </collage_element>
    <collage_element containerURL="http://localhost/" historyNum="6">
      <media_element>
        <content_element bias="2.7182817">
          <participant/>
        </content_element>
        <text_element faceIndex="2" HTMLFragmentCreated="true">
          <text_chunk doUnderline="true" sameHref="true" commonHref="http://research.microsoft.com/research/vibe/" nonStopIndex="0.5">
            <text_token string="Visualization"/>
            <text_token string="and"/>
            <text_token string="Interaction"/>
            <text_token string="(VIBE)"/>
            <text_token string="Research"/>
            <text_token string="Group"/>
          </text_chunk>
        </text_element>
      </media_element>
      <visual>
        <extent x="309" y="762" width="359" height="62"/>
      </visual>
    </collage_element>
    <collage_element containerURL="http://localhost/" historyNum="7">
      <media_element>
        <content_element bias="2.7182817">
          <participant/>
        </content_element>
        <image_element url="http://research.microsoft.com/images/MSR_logo.gif" href="http://research.microsoft.com"/>
      </media_element>
      <visual>
        <extent x="312" y="681" width="218" height="57"/>
      </visual>
    </collage_element>
    <collage_element containerURL="http://localhost/" historyNum="2">
      <media_element>
        <content_element bias="2.7182817">
          <participant/>
        </content_element>
        <text_element faceIndex="2" HTMLFragmentCreated="true">
          <text_chunk doUnderline="true" sameHref="true" nonStopIndex="0.6764706">
            <text_token string="novel"/>
            <text_token string="information"/>
            <text_token string="visualization"/>
            <text_token string="and"/>
            <text_token string="interaction"/>
            <text_token string="techniques"/>
            <text_token string="across"/>
            <text_token string="a"/>
            <text_token string="wide"/>
            <text_token string="variety"/>
            <text_token string="of"/>
            <text_token string="display"/>
            <text_token string="sizes"/>
            <text_token string="information"/>
            <text_token string="worker"/>
            <text_token string="task"/>
            <text_token string="management,"/>
            <text_token string="multitasking,"/>
            <text_token string="and"/>
            <text_token string="reminder"/>
            <text_token string="systems"/>
            <text_token string="visual"/>
            <text_token string="attention"/>
            <text_token string="and"/>
            <text_token string="user"/>
            <text_token string="interface"/>
            <text_token string="design"/>
          </text_chunk>
        </text_element>
      </media_element>
      <visual>
        <extent x="55" y="398" width="629" height="175"/>
      </visual>
    </collage_element>
  </collage_element_set>
</collage>
