<?xml version="1.0" encoding="UTF-8"?>
<collage version="1.1">
  <preferences>
    <screen height="1050.0" width="1400.0" size="1"/>
  </preferences>
  <site_set>
    <site domain="localhost" strokeHue="0.6888889" fontIndex="2"/>
  </site_set>
  <traversable_set>
    <traversable urlString="http://www.informatik.uni-trier.de/~ley/db/indices/a-tree/m"/>
    <traversable urlString="http://www.allbookstores.com/browse/Author"/>
    <traversable urlString="http://citeseer.nj.nec.com/cs"/>
    <traversable urlString="http://hpsearch.uni-trier.de/hp/a-tree/m"/>
    <traversable urlString="http://hci-journal.com/moran/"/>
    <traversable urlString="http://www.acm.org/sigchi/chi99/cp/"/>
    <traversable urlString="http://www.fetchbook.info/search_Thomas_P._Moran"/>
    <traversable urlString="http://politicalgraveyard.com/bio"/>
    <traversable urlString="http://www.fiction4all.co.uk"/>
  </traversable_set>
  <term_set>
    <term stemmed="stopword" intensity="3"/>
    <term stemmed="thoma" intensity="3"/>
    <term stemmed="moran" intensity="3"/>
  </term_set>
  <container_set>
    <container url="http://localhost/" generation="2">
      <content_element>
        <participant/>
      </content_element>
    </container>
  </container_set>
  <collage_element_set>
    <collage_element containerURL="http://localhost/" historyNum="1">
      <media_element>
        <content_element bias="2.7182817">
          <participant/>
        </content_element>
        <image_element url="http://hci-journal.com/moran/photo-small.gif"/>
      </media_element>
      <visual>
        <extent x="433" y="294" width="199" height="246"/>
      </visual>
    </collage_element>
    <collage_element containerURL="http://localhost/">
      <media_element>
        <content_element bias="2.0">
          <participant/>
        </content_element>
        <text_element faceIndex="2" participantCreated="true">
          <text_chunk sameHref="true" nonStopIndex="0.0">
            <text_token string=" IBM"/>
            <text_token string="Almaden"/>
            <text_token string="Research"/>
            <text_token string="Center"/>
          </text_chunk>
        </text_element>
      </media_element>
      <visual>
        <extent x="10" y="206" width="469" height="42"/>
      </visual>
    </collage_element>
    <collage_element containerURL="http://localhost/">
      <media_element>
        <content_element bias="2.0">
          <participant/>
        </content_element>
        <text_element faceIndex="2" participantCreated="true">
          <text_chunk sameHref="true" nonStopIndex="0.0">
            <text_token string="Xerox"/>
            <text_token string="PARC"/>
          </text_chunk>
        </text_element>
      </media_element>
      <visual>
        <extent x="444" y="137" width="202" height="34"/>
      </visual>
    </collage_element>
    <collage_element containerURL="http://localhost/">
      <media_element>
        <content_element bias="2.0">
          <participant/>
        </content_element>
        <text_element faceIndex="2" participantCreated="true">
          <text_chunk sameHref="true" nonStopIndex="0.0">
            <text_token string="Ph.D.,"/>
            <text_token string="Computer"/>
            <text_token string="Science,"/>
            <text_token string="Carnegie-Mellon"/>
            <text_token string="University"/>
          </text_chunk>
        </text_element>
      </media_element>
      <visual>
        <extent x="12" y="64" width="454" height="68"/>
      </visual>
    </collage_element>
    <collage_element containerURL="http://localhost/" historyNum="5">
      <media_element>
        <content_element bias="2.7182817">
          <participant/>
        </content_element>
        <text_element faceIndex="2" HTMLFragmentCreated="true">
          <text_chunk doUnderline="true" sameHref="true" nonStopIndex="0.6666667">
            <text_token string="Design" italic="true"/>
            <text_token string="Rationale:" italic="true"/>
            <text_token string="Concepts," italic="true"/>
            <text_token string="Techniques," italic="true"/>
            <text_token string="and" italic="true"/>
            <text_token string="Use" italic="true"/>
          </text_chunk>
        </text_element>
      </media_element>
      <visual>
        <extent x="11" y="309" width="384" height="74"/>
      </visual>
    </collage_element>
    <collage_element containerURL="http://localhost/" historyNum="6">
      <media_element>
        <content_element bias="2.7182817">
          <participant/>
        </content_element>
        <text_element faceIndex="2" HTMLFragmentCreated="true">
          <text_chunk doUnderline="true" sameHref="true" nonStopIndex="0.71428573">
            <text_token string="Embodied"/>
            <text_token string="user"/>
            <text_token string="interfaces"/>
            <text_token string="for"/>
            <text_token string="really" italic="true"/>
            <text_token string="direct"/>
            <text_token string="manipulation"/>
          </text_chunk>
        </text_element>
      </media_element>
      <visual>
        <extent x="302" y="550" width="382" height="70"/>
      </visual>
    </collage_element>
    <collage_element containerURL="http://localhost/" historyNum="7">
      <media_element>
        <content_element bias="2.7182817">
          <participant/>
        </content_element>
        <text_element faceIndex="2" HTMLFragmentCreated="true">
          <text_chunk doUnderline="true" sameHref="true" nonStopIndex="0.8">
            <text_token string="Tivoli:"/>
            <text_token string="Integrating"/>
            <text_token string="structured"/>
            <text_token string="domain"/>
            <text_token string="objects"/>
            <text_token string="into"/>
            <text_token string="a"/>
            <text_token string="freeform"/>
            <text_token string="whiteboard"/>
            <text_token string="environment"/>
          </text_chunk>
        </text_element>
      </media_element>
      <visual>
        <extent x="10" y="664" width="620" height="70"/>
      </visual>
    </collage_element>
    <collage_element containerURL="http://localhost/" historyNum="8">
      <media_element>
        <content_element bias="2.7182817">
          <participant/>
        </content_element>
        <text_element faceIndex="2" HTMLFragmentCreated="true">
          <text_chunk doUnderline="true" sameHref="true" nonStopIndex="0.6">
            <text_token string="Walls"/>
            <text_token string="at"/>
            <text_token string="work:"/>
            <text_token string="physical"/>
            <text_token string="and"/>
            <text_token string="electronic"/>
            <text_token string="walls"/>
            <text_token string="in"/>
            <text_token string="the"/>
            <text_token string="workplace"/>
          </text_chunk>
        </text_element>
      </media_element>
      <visual>
        <extent x="267" y="778" width="409" height="62"/>
      </visual>
    </collage_element>
    <collage_element containerURL="http://localhost/" historyNum="9">
      <media_element>
        <content_element bias="2.7182817">
          <participant/>
        </content_element>
        <text_element faceIndex="2" HTMLFragmentCreated="true">
          <text_chunk doUnderline="true" sameHref="true" nonStopIndex="0.6">
            <text_token string="The"/>
            <text_token string="Psychology"/>
            <text_token string="of"/>
            <text_token string="Human-Computer"/>
            <text_token string="Interaction"/>
          </text_chunk>
        </text_element>
      </media_element>
      <visual>
        <extent x="15" y="430" width="377" height="62"/>
      </visual>
    </collage_element>
  </collage_element_set>
</collage>
