<?xml version="1.0" encoding="UTF-8"?>
<collage version="1.1">
  <preferences>
    <screen height="1050.0" width="1400.0" size="1"/>
  </preferences>
  <site_set>
    <site domain="localhost" strokeHue="0.6888889" fontIndex="2"/>
  </site_set>
  <traversable_set>
    <traversable urlString="http://www.csdl.tamu.edu/~shipman/"/>
    <traversable urlString="http://csdl.tamu.edu/"/>
  </traversable_set>
  <term_set/>
  <container_set>
    <container url="http://localhost/" generation="2">
      <content_element>
        <participant/>
      </content_element>
    </container>
  </container_set>
  <collage_element_set>
    <collage_element containerURL="http://localhost/">
      <media_element>
        <content_element bias="2.7182817">
          <participant/>
        </content_element>
        <image_element url="http://www.csdl.tamu.edu/%7Eshipman/shipman2.jpg"/>
      </media_element>
      <visual>
        <extent x="22" y="326" width="230" height="279"/>
      </visual>
    </collage_element>
    <collage_element containerURL="http://localhost/">
      <media_element>
        <content_element bias="2.7182817">
          <participant/>
        </content_element>
        <text_element faceIndex="2" participantCreated="true">
          <text_chunk sameHref="true" nonStopIndex="0.0">
            <text_token string="hypermedia"/>
            <text_token string="computer-"/>
            <text_token string="supported"/>
            <text_token string="cooperative"/>
            <text_token string="work,"/>
            <text_token string="and"/>
            <text_token string="intelligent"/>
            <text_token string="user"/>
            <text_token string="interfaces"/>
          </text_chunk>
        </text_element>
      </media_element>
      <visual>
        <extent x="14" y="748" width="446" height="150"/>
      </visual>
    </collage_element>
    <collage_element containerURL="http://localhost/">
      <media_element>
        <content_element bias="2.7182817">
          <participant/>
        </content_element>
        <text_element faceIndex="2" HTMLFragmentCreated="true">
          <text_chunk doUnderline="true" sameHref="true" commonHref="http://csdl.tamu.edu/" nonStopIndex="0.5714286">
            <text_token string="Center"/>
            <text_token string="for"/>
            <text_token string="the"/>
            <text_token string="Study"/>
            <text_token string="of"/>
            <text_token string="Digital"/>
            <text_token string="Libraries"/>
          </text_chunk>
        </text_element>
      </media_element>
      <visual>
        <extent x="253" y="490" width="431" height="37"/>
      </visual>
    </collage_element>
    <collage_element containerURL="http://localhost/">
      <media_element>
        <content_element bias="2.7182817">
          <participant/>
        </content_element>
        <text_element faceIndex="2" participantCreated="true">
          <text_chunk sameHref="true" nonStopIndex="0.0">
            <text_token string="Virtual"/>
            <text_token string="Notebook"/>
            <text_token string="System"/>
            <text_token string=""/>
            <text_token string="Hyper-Object"/>
            <text_token string="Substrate"/>
            <text_token string="VIKI"/>
            <text_token string="Visual"/>
            <text_token string="Knowledge"/>
            <text_token string="Builder"/>
            <text_token string="Walden's"/>
            <text_token string="Paths."/>
          </text_chunk>
        </text_element>
      </media_element>
      <visual>
        <extent x="262" y="564" width="422" height="190"/>
      </visual>
    </collage_element>
    <collage_element containerURL="http://localhost/" historyNum="5">
      <media_element>
        <content_element bias="2.7182817">
          <participant/>
        </content_element>
        <text_element faceIndex="2" HTMLFragmentCreated="true">
          <text_chunk doUnderline="true" sameHref="true" nonStopIndex="0.6">
            <text_token string="University"/>
            <text_token string="of"/>
            <text_token string="Colorado"/>
            <text_token string="at"/>
            <text_token string="Boulder"/>
          </text_chunk>
        </text_element>
      </media_element>
      <visual>
        <extent x="254" y="365" width="410" height="31"/>
      </visual>
    </collage_element>
    <collage_element containerURL="http://localhost/" historyNum="6">
      <media_element>
        <content_element bias="2.7182817">
          <participant/>
        </content_element>
        <text_element faceIndex="2" HTMLFragmentCreated="true">
          <text_chunk doUnderline="true" sameHref="true">
            <text_token string="Fuji-Xerox"/>
            <text_token string="Palo"/>
            <text_token string="Alto"/>
            <text_token string="Laboratory,"/>
            <text_token string="Palo"/>
            <text_token string="Alto,"/>
            <text_token string="California"/>
          </text_chunk>
        </text_element>
      </media_element>
      <visual>
        <extent x="258" y="416" width="364" height="62"/>
      </visual>
    </collage_element>
    <collage_element containerURL="http://localhost/" historyNum="7">
      <media_element>
        <content_element bias="2.7182817">
          <participant/>
        </content_element>
        <text_element faceIndex="2" HTMLFragmentCreated="true">
          <text_chunk doUnderline="true" sameHref="true" nonStopIndex="0.625">
            <text_token string="Evolution"/>
            <text_token string="of"/>
            <text_token string="the"/>
            <text_token string="Walden"/>
            <text_token string="s"/>
            <text_token string="Paths"/>
            <text_token string="Authoring"/>
            <text_token string="Tools"/>
          </text_chunk>
        </text_element>
      </media_element>
      <visual>
        <extent x="25" y="73" width="654" height="34"/>
      </visual>
    </collage_element>
    <collage_element containerURL="http://localhost/" historyNum="8">
      <media_element>
        <content_element bias="2.7182817">
          <participant/>
        </content_element>
        <text_element faceIndex="2" HTMLFragmentCreated="true">
          <text_chunk doUnderline="true" sameHref="true" nonStopIndex="0.42857143">
            <text_token string="Using"/>
            <text_token string="the"/>
            <text_token string="Internet"/>
            <text_token string="in"/>
            <text_token string="the"/>
            <text_token string="Classroom:"/>
            <text_token string="Variety"/>
            <text_token string="in"/>
            <text_token string="the"/>
            <text_token string="Use"/>
            <text_token string="of"/>
            <text_token string="Walden"/>
            <text_token string="s"/>
            <text_token string="Paths"/>
          </text_chunk>
        </text_element>
      </media_element>
      <visual>
        <extent x="28" y="152" width="451" height="56"/>
      </visual>
    </collage_element>
    <collage_element containerURL="http://localhost/" historyNum="9">
      <media_element>
        <content_element bias="2.7182817">
          <participant/>
        </content_element>
        <text_element faceIndex="2" HTMLFragmentCreated="true">
          <text_chunk doUnderline="true" sameHref="true" nonStopIndex="0.8333333">
            <text_token string="Generation"/>
            <text_token string="of"/>
            <text_token string="Interactive"/>
            <text_token string="Multi-Level"/>
            <text_token string="Video"/>
            <text_token string="Summaries"/>
          </text_chunk>
        </text_element>
      </media_element>
      <visual>
        <extent x="25" y="230" width="616" height="34"/>
      </visual>
    </collage_element>
  </collage_element_set>
</collage>
