<?xml version="1.0" encoding="UTF-8" standalone="no"?>
<audio_file_metadata_library>
  <lists>
    <audio_file_metadata_list title="everything playlist">
      <string string="1253297581243Menu Select"/>
      <string string="1253297581252000.00"/>
      <string string="1253297581257Mungagan"/>
      <string string="1253297581260Na re na"/>
      <string string="1253297581262Tanha Hai Kyon"/>
      <string string="1253297581263Tera Mera"/>
      <string string="1253297581267Teri perchaian"/>
      <string string="1253297581271Metroid Metal Prime - Phendrana Drifts"/>
    </audio_file_metadata_list>
  </lists>
  <audio_file_metadata album="" artist="Stemage" comment="" duration="294" file=".\mp3s\metroidmetal_phendranadrifts.mp3" genre="metroid" id="1253297581271Metroid Metal Prime - Phendrana Drifts" title="Metroid Metal Prime - Phendrana Drifts" track="" year="2005"/>
  <audio_file_metadata album="Klashinfolk" artist="Ali Azmat" comment="" duration="247" file=".\mp3s\Ali Azmat - Tera Mera.mp3" genre="Other" id="1253297581263Tera Mera" title="Tera Mera" track="07" year="2008"/>
  <audio_file_metadata album="Social Circus" artist="Ali Azmat" comment="" duration="379" file=".\mp3s\Ali Azmat - Mungagan.mp3" genre="(17)" id="1253297581257Mungagan" title="Mungagan" track="3" year=""/>
  <audio_file_metadata album="Social Circus" artist="Ali Azmat" comment="" duration="341" file=".\mp3s\Ali Azmat - Na re na.mp3" genre="(17)" id="1253297581260Na re na" title="Na re na" track="4" year=""/>
  <audio_file_metadata album="Klashinfolk" artist="Ali Azmat" comment="" duration="317" file=".\mp3s\Ali Azmat - Tanha Hai Kyon.mp3" genre="Other" id="1253297581262Tanha Hai Kyon" title="Tanha Hai Kyon" track="04" year="2008"/>
  <audio_file_metadata album="Metroid Prime &amp; Fusion Original Soundtracks (Disc 1 - Metroid Prime Original Soundtrack)" artist="Kenji Yamamoto, Kouichi Kyuma" comment="SCDC-00276" duration="73" file=".\mp3s\02 Menu Select.mp3" genre="Game" id="1253297581243Menu Select" title="Menu Select" track="2" year="2003"/>
  <audio_file_metadata album="Social Circus" artist="Ali Azmat" comment="" duration="330" file=".\mp3s\Ali Azmat - Teri perchaian.mp3" genre="(17)" id="1253297581267Teri perchaian" title="Teri perchaian" track="11" year=""/>
  <audio_file_metadata album="Metroid Prime &amp; Fusion Original Soundtracks (Disc 1 - Metroid Prime Original Soundtrack)" artist="Kenji Yamamoto, Kouichi Kyuma" comment="SCDC-00276" duration="79" file=".\mp3s\17 Ice Chapel.mp3" genre="(36)" id="1253297581252000.00" title="000.00" track="17" year="2003"/>
</audio_file_metadata_library>
