<file
	id="/Users/toupsz/Documents/workspace/hcsi2007/./mp3s/01 Premonition Of Fell Purpose (Titl.mp3">
	<tag id="ID3v2_2.20">
		<duplicateBytes>
			<![CDATA[0]]>
		</duplicateBytes>
		<duplicateFrameId>
			<![CDATA[]]>
		</duplicateFrameId>
		<emptyFrameBytes>
			<![CDATA[0]]>
		</emptyFrameBytes>
		<fileReadSize>
			<![CDATA[478950]]>
		</fileReadSize>
		<invalidFrameBytes>
			<![CDATA[0]]>
		</invalidFrameBytes>
		<header>
			<compression>
				<![CDATA[false]]>
			</compression>
			<unsyncronisationr>
				<![CDATA[false]]>
			</unsyncronisationr>
		</header>
		<body>
			<frame id="COM">
				<frameSize>
					<![CDATA[104]]>
				</frameSize>
				<body>
					<TextEncoding>
						<![CDATA[0]]>
					</TextEncoding>
					<Language>
						<![CDATA[eng]]>
					</Language>
					<Description>
						<![CDATA[iTunNORM]]>
					</Description>
					<Text>
						<![CDATA[ 00000288 00000277 000008CB 00000920 0001FBD0 0002230E 0000673C 00006589 000138AE 000138AE#x-1]]>
					</Text>
				</body>
			</frame>
			<frame id="PIC">
				<frameSize>
					<![CDATA[478682]]>
				</frameSize>
				<body>
					<TextEncoding>
						<![CDATA[0]]>
					</TextEncoding>
					<ImageType>
						<![CDATA[PNG]]>
					</ImageType>
					<PictureType>
						<![CDATA[0]]>
					</PictureType>
					<Description>
						<![CDATA[]]>
					</Description>
					<PictureData>
						<![CDATA[#x-1B#x-1a897a9]]>
					</PictureData>
				</body>
			</frame>
			<frame id="TAL">
				<frameSize>
					<![CDATA[21]]>
				</frameSize>
				<body>
					<TextEncoding>
						<![CDATA[0]]>
					</TextEncoding>
					<Text>
						<![CDATA[Relics of the Chozo#x-1]]>
					</Text>
				</body>
			</frame>
			<frame id="TYE">
				<frameSize>
					<![CDATA[6]]>
				</frameSize>
				<body>
					<TextEncoding>
						<![CDATA[0]]>
					</TextEncoding>
					<Text>
						<![CDATA[2003#x-1]]>
					</Text>
				</body>
			</frame>
			<frame id="TT2">
				<frameSize>
					<![CDATA[37]]>
				</frameSize>
				<body>
					<TextEncoding>
						<![CDATA[0]]>
					</TextEncoding>
					<Text>
						<![CDATA[Premonition Of Fell Purpose #x-1Title#x-1#x-1]]>
					</Text>
				</body>
			</frame>
			<frame id="TP1">
				<frameSize>
					<![CDATA[12]]>
				</frameSize>
				<body>
					<TextEncoding>
						<![CDATA[0]]>
					</TextEncoding>
					<Text>
						<![CDATA[Protricity#x-1]]>
					</Text>
				</body>
			</frame>
			<frame id="TRK">
				<frameSize>
					<![CDATA[6]]>
				</frameSize>
				<body>
					<TextEncoding>
						<![CDATA[0]]>
					</TextEncoding>
					<Text>
						<![CDATA[1#x-119#x-1]]>
					</Text>
				</body>
			</frame>
			<frame id="TCO">
				<frameSize>
					<![CDATA[25]]>
				</frameSize>
				<body>
					<TextEncoding>
						<![CDATA[0]]>
					</TextEncoding>
					<Text>
						<![CDATA[videogame remix metroid#x-1]]>
					</Text>
				</body>
			</frame>
			<frame id="TCP">
				<frameSize>
					<![CDATA[3]]>
				</frameSize>
				<body>
					<TextEncoding>
						<![CDATA[0]]>
					</TextEncoding>
					<Text>
						<![CDATA[1#x-1]]>
					</Text>
				</body>
			</frame>
		</body>
	</tag>
</file>
<file
	id="/Users/toupsz/Documents/workspace/hcsi2007/./mp3s/02 So It Begins... (Intro Theme).mp3">
	<tag id="ID3v2_2.20">
		<duplicateBytes>
			<![CDATA[0]]>
		</duplicateBytes>
		<duplicateFrameId>
			<![CDATA[]]>
		</duplicateFrameId>
		<emptyFrameBytes>
			<![CDATA[0]]>
		</emptyFrameBytes>
		<fileReadSize>
			<![CDATA[478943]]>
		</fileReadSize>
		<invalidFrameBytes>
			<![CDATA[0]]>
		</invalidFrameBytes>
		<header>
			<compression>
				<![CDATA[false]]>
			</compression>
			<unsyncronisationr>
				<![CDATA[false]]>
			</unsyncronisationr>
		</header>
		<body>
			<frame id="COM">
				<frameSize>
					<![CDATA[104]]>
				</frameSize>
				<body>
					<TextEncoding>
						<![CDATA[0]]>
					</TextEncoding>
					<Language>
						<![CDATA[eng]]>
					</Language>
					<Description>
						<![CDATA[iTunNORM]]>
					</Description>
					<Text>
						<![CDATA[ 000006A3 0000058C 00001E7E 000013E1 00002727 000138C5 00008000 00008000 00011187 00015F90#x-1]]>
					</Text>
				</body>
			</frame>
			<frame id="PIC">
				<frameSize>
					<![CDATA[478682]]>
				</frameSize>
				<body>
					<TextEncoding>
						<![CDATA[0]]>
					</TextEncoding>
					<ImageType>
						<![CDATA[PNG]]>
					</ImageType>
					<PictureType>
						<![CDATA[0]]>
					</PictureType>
					<Description>
						<![CDATA[]]>
					</Description>
					<PictureData>
						<![CDATA[#x-1B#x-12b6c89]]>
					</PictureData>
				</body>
			</frame>
			<frame id="TAL">
				<frameSize>
					<![CDATA[21]]>
				</frameSize>
				<body>
					<TextEncoding>
						<![CDATA[0]]>
					</TextEncoding>
					<Text>
						<![CDATA[Relics of the Chozo#x-1]]>
					</Text>
				</body>
			</frame>
			<frame id="TYE">
				<frameSize>
					<![CDATA[6]]>
				</frameSize>
				<body>
					<TextEncoding>
						<![CDATA[0]]>
					</TextEncoding>
					<Text>
						<![CDATA[2003#x-1]]>
					</Text>
				</body>
			</frame>
			<frame id="TT2">
				<frameSize>
					<![CDATA[31]]>
				</frameSize>
				<body>
					<TextEncoding>
						<![CDATA[0]]>
					</TextEncoding>
					<Text>
						<![CDATA[So It Begins#x-1#x-1#x-1 #x-1Intro Theme#x-1#x-1]]>
					</Text>
				</body>
			</frame>
			<frame id="TP1">
				<frameSize>
					<![CDATA[11]]>
				</frameSize>
				<body>
					<TextEncoding>
						<![CDATA[0]]>
					</TextEncoding>
					<Text>
						<![CDATA[Vigilante#x-1]]>
					</Text>
				</body>
			</frame>
			<frame id="TRK">
				<frameSize>
					<![CDATA[6]]>
				</frameSize>
				<body>
					<TextEncoding>
						<![CDATA[0]]>
					</TextEncoding>
					<Text>
						<![CDATA[2#x-119#x-1]]>
					</Text>
				</body>
			</frame>
			<frame id="TCO">
				<frameSize>
					<![CDATA[25]]>
				</frameSize>
				<body>
					<TextEncoding>
						<![CDATA[0]]>
					</TextEncoding>
					<Text>
						<![CDATA[videogame remix metroid#x-1]]>
					</Text>
				</body>
			</frame>
			<frame id="TCP">
				<frameSize>
					<![CDATA[3]]>
				</frameSize>
				<body>
					<TextEncoding>
						<![CDATA[0]]>
					</TextEncoding>
					<Text>
						<![CDATA[1#x-1]]>
					</Text>
				</body>
			</frame>
		</body>
	</tag>
</file>
<file
	id="/Users/toupsz/Documents/workspace/hcsi2007/./mp3s/03 Hostile Abduction (First Battle T.mp3">
	<tag id="ID3v2_2.20">
		<duplicateBytes>
			<![CDATA[0]]>
		</duplicateBytes>
		<duplicateFrameId>
			<![CDATA[]]>
		</duplicateFrameId>
		<emptyFrameBytes>
			<![CDATA[0]]>
		</emptyFrameBytes>
		<fileReadSize>
			<![CDATA[478967]]>
		</fileReadSize>
		<invalidFrameBytes>
			<![CDATA[0]]>
		</invalidFrameBytes>
		<header>
			<compression>
				<![CDATA[false]]>
			</compression>
			<unsyncronisationr>
				<![CDATA[false]]>
			</unsyncronisationr>
		</header>
		<body>
			<frame id="COM">
				<frameSize>
					<![CDATA[104]]>
				</frameSize>
				<body>
					<TextEncoding>
						<![CDATA[0]]>
					</TextEncoding>
					<Language>
						<![CDATA[eng]]>
					</Language>
					<Description>
						<![CDATA[iTunNORM]]>
					</Description>
					<Text>
						<![CDATA[ 00001651 000017DD 00005F8B 000059E6 0002712E 0002712E 00008000 00008000 000249F0 00024A07#x-1]]>
					</Text>
				</body>
			</frame>
			<frame id="PIC">
				<frameSize>
					<![CDATA[478682]]>
				</frameSize>
				<body>
					<TextEncoding>
						<![CDATA[0]]>
					</TextEncoding>
					<ImageType>
						<![CDATA[PNG]]>
					</ImageType>
					<PictureType>
						<![CDATA[0]]>
					</PictureType>
					<Description>
						<![CDATA[]]>
					</Description>
					<PictureData>
						<![CDATA[#x-1B#x-1682598]]>
					</PictureData>
				</body>
			</frame>
			<frame id="TAL">
				<frameSize>
					<![CDATA[21]]>
				</frameSize>
				<body>
					<TextEncoding>
						<![CDATA[0]]>
					</TextEncoding>
					<Text>
						<![CDATA[Relics of the Chozo#x-1]]>
					</Text>
				</body>
			</frame>
			<frame id="TYE">
				<frameSize>
					<![CDATA[6]]>
				</frameSize>
				<body>
					<TextEncoding>
						<![CDATA[0]]>
					</TextEncoding>
					<Text>
						<![CDATA[2003#x-1]]>
					</Text>
				</body>
			</frame>
			<frame id="TT2">
				<frameSize>
					<![CDATA[40]]>
				</frameSize>
				<body>
					<TextEncoding>
						<![CDATA[0]]>
					</TextEncoding>
					<Text>
						<![CDATA[Hostile Abduction #x-1First Battle Theme#x-1#x-1]]>
					</Text>
				</body>
			</frame>
			<frame id="TP1">
				<frameSize>
					<![CDATA[26]]>
				</frameSize>
				<body>
					<TextEncoding>
						<![CDATA[0]]>
					</TextEncoding>
					<Text>
						<![CDATA[Suzumebachi #x-1amp#x-1 Protricity#x-1]]>
					</Text>
				</body>
			</frame>
			<frame id="TRK">
				<frameSize>
					<![CDATA[6]]>
				</frameSize>
				<body>
					<TextEncoding>
						<![CDATA[0]]>
					</TextEncoding>
					<Text>
						<![CDATA[3#x-119#x-1]]>
					</Text>
				</body>
			</frame>
			<frame id="TCO">
				<frameSize>
					<![CDATA[25]]>
				</frameSize>
				<body>
					<TextEncoding>
						<![CDATA[0]]>
					</TextEncoding>
					<Text>
						<![CDATA[videogame remix metroid#x-1]]>
					</Text>
				</body>
			</frame>
			<frame id="TCP">
				<frameSize>
					<![CDATA[3]]>
				</frameSize>
				<body>
					<TextEncoding>
						<![CDATA[0]]>
					</TextEncoding>
					<Text>
						<![CDATA[1#x-1]]>
					</Text>
				</body>
			</frame>
		</body>
	</tag>
</file>
<file
	id="/Users/toupsz/Documents/workspace/hcsi2007/./mp3s/04 Putting Down on Zebes (Crateria R.mp3">
	<tag id="ID3v2_2.20">
		<duplicateBytes>
			<![CDATA[0]]>
		</duplicateBytes>
		<duplicateFrameId>
			<![CDATA[]]>
		</duplicateFrameId>
		<emptyFrameBytes>
			<![CDATA[0]]>
		</emptyFrameBytes>
		<fileReadSize>
			<![CDATA[478955]]>
		</fileReadSize>
		<invalidFrameBytes>
			<![CDATA[0]]>
		</invalidFrameBytes>
		<header>
			<compression>
				<![CDATA[false]]>
			</compression>
			<unsyncronisationr>
				<![CDATA[false]]>
			</unsyncronisationr>
		</header>
		<body>
			<frame id="COM">
				<frameSize>
					<![CDATA[104]]>
				</frameSize>
				<body>
					<TextEncoding>
						<![CDATA[0]]>
					</TextEncoding>
					<Language>
						<![CDATA[eng]]>
					</Language>
					<Description>
						<![CDATA[iTunNORM]]>
					</Description>
					<Text>
						<![CDATA[ 00000112 00000114 00000543 00000547 0000C395 0000C395 00003A17 00003C14 0000C395 00004E65#x-1]]>
					</Text>
				</body>
			</frame>
			<frame id="PIC">
				<frameSize>
					<![CDATA[478682]]>
				</frameSize>
				<body>
					<TextEncoding>
						<![CDATA[0]]>
					</TextEncoding>
					<ImageType>
						<![CDATA[PNG]]>
					</ImageType>
					<PictureType>
						<![CDATA[0]]>
					</PictureType>
					<Description>
						<![CDATA[]]>
					</Description>
					<PictureData>
						<![CDATA[#x-1B#x-17c3885]]>
					</PictureData>
				</body>
			</frame>
			<frame id="TAL">
				<frameSize>
					<![CDATA[21]]>
				</frameSize>
				<body>
					<TextEncoding>
						<![CDATA[0]]>
					</TextEncoding>
					<Text>
						<![CDATA[Relics of the Chozo#x-1]]>
					</Text>
				</body>
			</frame>
			<frame id="TYE">
				<frameSize>
					<![CDATA[6]]>
				</frameSize>
				<body>
					<TextEncoding>
						<![CDATA[0]]>
					</TextEncoding>
					<Text>
						<![CDATA[2003#x-1]]>
					</Text>
				</body>
			</frame>
			<frame id="TP1">
				<frameSize>
					<![CDATA[12]]>
				</frameSize>
				<body>
					<TextEncoding>
						<![CDATA[0]]>
					</TextEncoding>
					<Text>
						<![CDATA[Protricity#x-1]]>
					</Text>
				</body>
			</frame>
			<frame id="TRK">
				<frameSize>
					<![CDATA[6]]>
				</frameSize>
				<body>
					<TextEncoding>
						<![CDATA[0]]>
					</TextEncoding>
					<Text>
						<![CDATA[4#x-119#x-1]]>
					</Text>
				</body>
			</frame>
			<frame id="TT2">
				<frameSize>
					<![CDATA[42]]>
				</frameSize>
				<body>
					<TextEncoding>
						<![CDATA[0]]>
					</TextEncoding>
					<Text>
						<![CDATA[Putting Down on Zebes #x-1Crateria Raining#x-1#x-1]]>
					</Text>
				</body>
			</frame>
			<frame id="TCO">
				<frameSize>
					<![CDATA[25]]>
				</frameSize>
				<body>
					<TextEncoding>
						<![CDATA[0]]>
					</TextEncoding>
					<Text>
						<![CDATA[videogame remix metroid#x-1]]>
					</Text>
				</body>
			</frame>
			<frame id="TCP">
				<frameSize>
					<![CDATA[3]]>
				</frameSize>
				<body>
					<TextEncoding>
						<![CDATA[0]]>
					</TextEncoding>
					<Text>
						<![CDATA[1#x-1]]>
					</Text>
				</body>
			</frame>
		</body>
	</tag>
</file>
<file
	id="/Users/toupsz/Documents/workspace/hcsi2007/./mp3s/05 Evil Aroused (Crateria Undergroun.mp3">
	<tag id="ID3v2_2.20">
		<duplicateBytes>
			<![CDATA[0]]>
		</duplicateBytes>
		<duplicateFrameId>
			<![CDATA[]]>
		</duplicateFrameId>
		<emptyFrameBytes>
			<![CDATA[0]]>
		</emptyFrameBytes>
		<fileReadSize>
			<![CDATA[478950]]>
		</fileReadSize>
		<invalidFrameBytes>
			<![CDATA[0]]>
		</invalidFrameBytes>
		<header>
			<compression>
				<![CDATA[false]]>
			</compression>
			<unsyncronisationr>
				<![CDATA[false]]>
			</unsyncronisationr>
		</header>
		<body>
			<frame id="COM">
				<frameSize>
					<![CDATA[104]]>
				</frameSize>
				<body>
					<TextEncoding>
						<![CDATA[0]]>
					</TextEncoding>
					<Language>
						<![CDATA[eng]]>
					</Language>
					<Description>
						<![CDATA[iTunNORM]]>
					</Description>
					<Text>
						<![CDATA[ 00000374 00000369 000011B0 00000F7F 00011187 0002E675 00006822 00006619 000138C5 000138AE#x-1]]>
					</Text>
				</body>
			</frame>
			<frame id="PIC">
				<frameSize>
					<![CDATA[478682]]>
				</frameSize>
				<body>
					<TextEncoding>
						<![CDATA[0]]>
					</TextEncoding>
					<ImageType>
						<![CDATA[PNG]]>
					</ImageType>
					<PictureType>
						<![CDATA[0]]>
					</PictureType>
					<Description>
						<![CDATA[]]>
					</Description>
					<PictureData>
						<![CDATA[#x-1B#x-162e295]]>
					</PictureData>
				</body>
			</frame>
			<frame id="TAL">
				<frameSize>
					<![CDATA[21]]>
				</frameSize>
				<body>
					<TextEncoding>
						<![CDATA[0]]>
					</TextEncoding>
					<Text>
						<![CDATA[Relics of the Chozo#x-1]]>
					</Text>
				</body>
			</frame>
			<frame id="TYE">
				<frameSize>
					<![CDATA[6]]>
				</frameSize>
				<body>
					<TextEncoding>
						<![CDATA[0]]>
					</TextEncoding>
					<Text>
						<![CDATA[2003#x-1]]>
					</Text>
				</body>
			</frame>
			<frame id="TT2">
				<frameSize>
					<![CDATA[37]]>
				</frameSize>
				<body>
					<TextEncoding>
						<![CDATA[0]]>
					</TextEncoding>
					<Text>
						<![CDATA[Evil Aroused #x-1Crateria Underground#x-1#x-1]]>
					</Text>
				</body>
			</frame>
			<frame id="TP1">
				<frameSize>
					<![CDATA[12]]>
				</frameSize>
				<body>
					<TextEncoding>
						<![CDATA[0]]>
					</TextEncoding>
					<Text>
						<![CDATA[Protricity#x-1]]>
					</Text>
				</body>
			</frame>
			<frame id="TRK">
				<frameSize>
					<![CDATA[6]]>
				</frameSize>
				<body>
					<TextEncoding>
						<![CDATA[0]]>
					</TextEncoding>
					<Text>
						<![CDATA[5#x-119#x-1]]>
					</Text>
				</body>
			</frame>
			<frame id="TCO">
				<frameSize>
					<![CDATA[25]]>
				</frameSize>
				<body>
					<TextEncoding>
						<![CDATA[0]]>
					</TextEncoding>
					<Text>
						<![CDATA[videogame remix metroid#x-1]]>
					</Text>
				</body>
			</frame>
			<frame id="TCP">
				<frameSize>
					<![CDATA[3]]>
				</frameSize>
				<body>
					<TextEncoding>
						<![CDATA[0]]>
					</TextEncoding>
					<Text>
						<![CDATA[1#x-1]]>
					</Text>
				</body>
			</frame>
		</body>
	</tag>
</file>
<file
	id="/Users/toupsz/Documents/workspace/hcsi2007/./mp3s/06 Full of Life (Brinstar 1).mp3">
	<tag id="ID3v2_2.20">
		<duplicateBytes>
			<![CDATA[0]]>
		</duplicateBytes>
		<duplicateFrameId>
			<![CDATA[]]>
		</duplicateFrameId>
		<emptyFrameBytes>
			<![CDATA[0]]>
		</emptyFrameBytes>
		<fileReadSize>
			<![CDATA[478940]]>
		</fileReadSize>
		<invalidFrameBytes>
			<![CDATA[0]]>
		</invalidFrameBytes>
		<header>
			<compression>
				<![CDATA[false]]>
			</compression>
			<unsyncronisationr>
				<![CDATA[false]]>
			</unsyncronisationr>
		</header>
		<body>
			<frame id="COM">
				<frameSize>
					<![CDATA[104]]>
				</frameSize>
				<body>
					<TextEncoding>
						<![CDATA[0]]>
					</TextEncoding>
					<Language>
						<![CDATA[eng]]>
					</Language>
					<Description>
						<![CDATA[iTunNORM]]>
					</Description>
					<Text>
						<![CDATA[ 00000D7C 00000D2C 000054E3 00004EAC 0000755E 0000755E 00008000 00008000 0000755E 0001D4D7#x-1]]>
					</Text>
				</body>
			</frame>
			<frame id="PIC">
				<frameSize>
					<![CDATA[478682]]>
				</frameSize>
				<body>
					<TextEncoding>
						<![CDATA[0]]>
					</TextEncoding>
					<ImageType>
						<![CDATA[PNG]]>
					</ImageType>
					<PictureType>
						<![CDATA[0]]>
					</PictureType>
					<Description>
						<![CDATA[]]>
					</Description>
					<PictureData>
						<![CDATA[#x-1B#x-15bb966]]>
					</PictureData>
				</body>
			</frame>
			<frame id="TAL">
				<frameSize>
					<![CDATA[21]]>
				</frameSize>
				<body>
					<TextEncoding>
						<![CDATA[0]]>
					</TextEncoding>
					<Text>
						<![CDATA[Relics of the Chozo#x-1]]>
					</Text>
				</body>
			</frame>
			<frame id="TYE">
				<frameSize>
					<![CDATA[6]]>
				</frameSize>
				<body>
					<TextEncoding>
						<![CDATA[0]]>
					</TextEncoding>
					<Text>
						<![CDATA[2003#x-1]]>
					</Text>
				</body>
			</frame>
			<frame id="TP1">
				<frameSize>
					<![CDATA[12]]>
				</frameSize>
				<body>
					<TextEncoding>
						<![CDATA[0]]>
					</TextEncoding>
					<Text>
						<![CDATA[Protricity#x-1]]>
					</Text>
				</body>
			</frame>
			<frame id="TRK">
				<frameSize>
					<![CDATA[6]]>
				</frameSize>
				<body>
					<TextEncoding>
						<![CDATA[0]]>
					</TextEncoding>
					<Text>
						<![CDATA[6#x-119#x-1]]>
					</Text>
				</body>
			</frame>
			<frame id="TCO">
				<frameSize>
					<![CDATA[25]]>
				</frameSize>
				<body>
					<TextEncoding>
						<![CDATA[0]]>
					</TextEncoding>
					<Text>
						<![CDATA[videogame remix metroid#x-1]]>
					</Text>
				</body>
			</frame>
			<frame id="TT2">
				<frameSize>
					<![CDATA[27]]>
				</frameSize>
				<body>
					<TextEncoding>
						<![CDATA[0]]>
					</TextEncoding>
					<Text>
						<![CDATA[Full of Life #x-1Brinstar 1#x-1#x-1]]>
					</Text>
				</body>
			</frame>
			<frame id="TCP">
				<frameSize>
					<![CDATA[3]]>
				</frameSize>
				<body>
					<TextEncoding>
						<![CDATA[0]]>
					</TextEncoding>
					<Text>
						<![CDATA[1#x-1]]>
					</Text>
				</body>
			</frame>
		</body>
	</tag>
</file>
