<model><topic_cluster id="1"><rectangle x="10.0" y="10.0" w="300.0" h="300.0"/><document_set><document url="http://www.gwhh.com/bar-restaurant.html" bias="1.0"/><document url="http://www.gwhh.com/menu.html" bias="1.0"/><document url="http://www.yeoldetalbot.tablesir.com/bar-rest.htm" bias="1.0"/><document url="http://www.thechandlerybandb.co.uk/whatson/bfaschoice.html" bias="1.0"/></document_set><keyword_set type="content"><keyword>Specialities</keyword><keyword>traditional</keyword><keyword>juice</keyword><keyword>Pizza</keyword><keyword>Al</keyword><keyword>Plates</keyword><keyword>tomatoes</keyword><keyword>jams</keyword><keyword>boiled</keyword><keyword>Butter</keyword><keyword>toast</keyword><keyword>Honey</keyword><keyword>tea</keyword><keyword>scrambled</keyword><keyword>sausage</keyword><keyword>Potatoes</keyword></keyword_set><keyword_set type="anchor"><keyword>Bar / Restaurant</keyword><keyword>restaurant</keyword></keyword_set><keyword_set type="pagetitle"></keyword_set><keyword_set type="url"><keyword>bar-rest</keyword></keyword_set></topic_cluster><topic_cluster id="2"><rectangle x="1000.0" y="1000.0"/><document_set><document url="http://www.gwhh.com/accommodation.html" bias="1.0"/><document url="http://www.masslinkguesthouse.co.uk/pages/accommodation.html" bias="1.0"/><document url="http://www.theguildford.co.uk/guildford-accommodation.html" bias="1.0"/><document url="http://www.yeoldetalbot.tablesir.com/accommodation.htm" bias="1.0"/><document url="http://www.thechandlerybandb.co.uk/history.htm" bias="1.0"/><document url="http://www.thechandlerybandb.co.uk/rooms.html" bias="1.0"/></document_set><keyword_set type="content"><keyword>room</keyword><keyword>double</keyword><keyword>TV</keyword><keyword>hairdryer</keyword><keyword>colour</keyword><keyword>making</keyword><keyword>en-suite</keyword><keyword>available</keyword><keyword>tea</keyword><keyword>looking</keyword><keyword>comfort</keyword><keyword>coffee</keyword><keyword>welcome</keyword></keyword_set><keyword_set type="anchor"><keyword>Guildford Hotel</keyword><keyword>Sleep</keyword></keyword_set><keyword_set type="pagetitle"></keyword_set><keyword_set type="url"><keyword>accommodation</keyword><keyword>guildford-accommodation</keyword></keyword_set></topic_cluster></model>