<?xml version="1.0"?> 


<model>
<!-- root element-->

 <topic_cluster id="1">
 <!-- a single cluster-->
 
  <rectangle x="10" y="10" w="300" h="300"/>
  <!-- absolute position of the cluster in combinFormation. Determined after dimensions are known-->
 
  <document_set>
  <!-- Set of document-urls. Can be from different web sites-->
   <document url="http://www.gwhh.com/bar-restaurant.html"/> 
   <document url="http://www.gwhh.com/menu.html"/> 
   <document url="http://www.yeoldetalbot.tablesir.com/bar-rest.htm"/> 
   <document url="http://www.thechandlerybandb.co.uk/whatson/bfaschoice.html"/> 
  </document_set>

  <keyword_set type="content">
  <!-- Ordered set of comma-separated content keywords. Possibly empty-->
   	<keyword>Specialities</keyword>
	<keyword>traditional</keyword>
	<keyword>juice</keyword>
	<keyword>Pizza</keyword>
	<keyword>Al</keyword>
	<keyword>Plates</keyword>
	<keyword>tomatoes</keyword>
	<keyword>jams</keyword>
	<keyword>boiled</keyword>
	<keyword>Butter</keyword>
	<keyword>toast</keyword>
	<keyword>Honey</keyword>
	<keyword>tea</keyword>
	<keyword>scrambled</keyword>
	<keyword>sausage</keyword>
	<keyword>Potatoes</keyword>
  </keyword_set>

  <keyword_set type="anchor">
  <!-- Ordered set of comma-separated anchor text keywords. Possibly empty-->
   	<keyword>Bar / Restaurant</keyword>
	<keyword>restaurant</keyword>
  </keyword_set>
  
  <keyword_set type="pagetitle">  
  <!-- Ordered set of comma-separated page title keywords. Possibly empty-->
  </keyword_set>

  <keyword_set type="url">  
  <!-- Ordered set of comma-separated url-based keywords. Possibly empty-->
   	<keyword>bar-rest</keyword>
  </keyword_set>
  
 </topic_cluster>


 <topic_cluster id="2">
 
  <rectangle x="1000" y="1000" width="300" height="300"/>
 
  <document_set>
   <document url="http://www.gwhh.com/accommodation.html"/>
   <document url="http://www.masslinkguesthouse.co.uk/pages/accommodation.html"/>
   <document url="http://www.theguildford.co.uk/guildford-accommodation.html"/>
   <document url="http://www.yeoldetalbot.tablesir.com/accommodation.htm"/>
   <document url="http://www.thechandlerybandb.co.uk/history.htm"/>
   <document url="http://www.thechandlerybandb.co.uk/rooms.html"/>
  </document_set>

  <keyword_set type="content">
   	<keyword>room</keyword>
	<keyword>double</keyword>
	<keyword>TV</keyword>
	<keyword>hairdryer</keyword>
	<keyword>colour</keyword>
	<keyword>making</keyword>
	<keyword>en-suite</keyword>
	<keyword>available</keyword>
	<keyword>tea</keyword>
	<keyword>looking</keyword>
	<keyword>comfort</keyword>
	<keyword>coffee</keyword>
	<keyword>welcome</keyword>
  </keyword_set>

  <keyword_set type="anchor">
   	<keyword>Guildford Hotel</keyword>
	<keyword>Sleep</keyword>
  </keyword_set>
  
  <keyword_set type="pagetitle">
  </keyword_set>
  
  <keyword_set type="url">
   	<keyword>accommodation</keyword>
	<keyword>guildford-accommodation</keyword>
  </keyword_set>
  
 </topic_cluster>


</model>
