<?xml version="1.0" encoding="UTF-8"?>
<fields xmlns:dc="http://purl.org/dc/elements/1.1/">
<dc:description>
Frogs @ The Exploratorium: An online exhibition exploring the amazing, adaptable frog.
</dc:description>
<dc:subject>Frogs exhibition</dc:subject>
<dc:subject>Frogs frogs</dc:subject>
<dc:subject>Rain forest</dc:subject>
<dc:subject>Adaptable frog</dc:subject>
<dc:subject>Amphibians</dc:subject>
<dc:subject>Deformed frogs</dc:subject>
<dc:subject>Endangered</dc:subject>
<dc:subject>Exploratorium</dc:subject>
<dc:subject>Frogs</dc:subject>
<dc:subject>Frogs and toads</dc:subject>
<dc:title>Exploratorium: Frogs</dc:title>
<dc:identifier>http://www.exploratorium.edu/frogs</dc:identifier>
<bestPassage>
Exploratorium: <B>Frogs</B>   The <B>Frogs</B> exhibition ran at the Exploratorium from February 13, 1999 through...  exhibitions and events at the museum, subscribe to eNews . Here online, you can still enjoy our <B>frog</B> articles, interactive exhibits and hands-on activities. About the <B>frog</B> photographs and images on this page
</bestPassage>
<primaryIdentifier>http://www.exploratorium.edu/frogs</primaryIdentifier>
<category>item</category>
<compoundDescription>
Frogs @ The Exploratorium: An online exhibition exploring the amazing, adaptable frog.
</compoundDescription>
<compoundSubject>
Frogs exhibition Frogs frogs Rain forest Adaptable frog Amphibians Deformed frogs Endangered Exploratorium Frogs Frogs and toads
</compoundSubject>
<compoundTitle>Exploratorium: Frogs</compoundTitle>
<primaryCollection>oai:nsdl.org:nsdl.nsdl:496444</primaryCollection>
<brandTitle>New Scientist</brandTitle>
<brandIconURL>http://crs.nsdl.org/brands/496444.jpg</brandIconURL>
<brandWidth>100</brandWidth>
<brandHeight>30</brandHeight>
</fields>
